word,pinyin,meaning_en,level,category,cky_mandatory
同情,tóng qíng,to sympathize with,L1,心理,⭐
複雜,fù zá,complicated,L2,心理,⭐
急躁,jí zào,irritable,L2,心理,⭐
戰戰兢兢,zhàn zhàn jīng jīng,trembling with fear,L4,心理,⭐
擁擠,yōng jǐ,crowded,L3,動作,⭐
懷抱,huái bào,to hug,L3,動作,⭐
栽種,zāi zhòng,to plant,L3,動作,⭐
狼狽,láng bèi,in a difficult situation,L1,動作,⭐
辯論,biàn lùn,debate,L3,科技知識,⭐
愛惜,ài xī,to cherish,L1,人生哲理,⭐
收拾,shōu shi,to put in order,L1,人生哲理,⭐
檢查,jiǎn chá,inspection,L1,人生哲理,⭐
清潔,qīng jié,clean,L1,人生哲理,⭐
準備,zhǔn bèi,preparation,L1,人生哲理,⭐
煩惱,fán nǎo,to be worried,L1,人生哲理,⭐
牆壁,qiáng bì,wall,L4,地點景物,⭐
陡峭,dǒu qiào,precipitous,L3,地點景物,⭐
籠罩,lǒng zhào,to envelop,L3,天文氣象,⭐
喜新厭舊,xǐ xīn yàn jiù,lit. to like the new,L3,性格,⭐
堅持不懈,jiān chí bù xiè,to persevere unremittingly,L3,性格,⭐
明辨是非,míng biàn shì fēi,to distinguish right and wrong,L3,性格,⭐
樂善好施,lè shàn hào shī,kind and charitable,L4,性格,⭐
贊同,zàn tóng,to approve of,L3,動作,⭐
命令,mìng lìng,order,L1,動作,⭐
喚醒,huàn xǐng,to wake sb,L3,動作,⭐
嘲笑,cháo xiào,to jeer at,L3,動作,⭐
津津有味,jīn jīn yǒu wèi,with keen interest,L3,動作,⭐
游說,yóu shuì,persuade; lobby,L3,動作,⭐
目睹,mù dǔ,to witness,L4,動作,⭐
虎視眈眈,hǔ shì dān dān,to glare like a tiger watching his prey,L4,動作,⭐
聆聽,líng tīng,to listen,L1,動作,⭐
蒼白,cāng bái,pale,L3,外貌,⭐
粗糙,cū cāo,crude,L3,外貌,⭐
肥胖,féi pàng,fat,L1,外貌,⭐
佩服,pèi fú,to admire,L4,人生哲理,⭐
堅持,jiān chí,to persevere with,L2,人生哲理,⭐
改變,gǎi biàn,to change,L1,人生哲理,⭐
目標,mù biāo,target,L2,人生哲理,⭐
醒悟,xǐng wù,to come to oneself,L4,人生哲理,⭐
錯過,cuò guò,to miss,L1,人生哲理,⭐
寬敞,kuān chang,spacious,L3,地點景物,⭐
安全,ān quán,safe,L1,物品,⭐
傲慢,ào màn,arrogant,L3,性格,⭐
欺騙,qī piàn,to deceive,L3,性格,⭐
一本正經,yī běn zhèng jīng,in deadly earnest,L3,性格,⭐
寂寞,jì mò,lonely,L3,心理,⭐
羞愧,xiū kuì,ashamed,L3,心理,⭐
召集,zhào jí,to convene,L3,動作,⭐
嘗試,cháng shì,to try,L3,動作,⭐
陪伴,péi bàn,to accompany,L2,動作,⭐
掌握,zhǎng wò,to grasp,L3,動作,⭐
不約而同,bù yuē ér tóng,to take the same action without prior consultation,L3,動作,⭐
舉辦,jǔ bàn,to conduct,L3,動作,⭐
滿臉通紅,mǎn liǎn tōng hóng,face flushed red,L1,動作,⭐
裝模作樣,zhuāng mó zuò yàng,to put on an act,L2,動作,⭐
小心翼翼,xiǎo xīn yì yì,cautious and solemn,L3,動作,⭐
炯炯有神,jiǒng jiǒng yǒu shén,eyes bright and full of expression,L2,外貌,⭐
噪音,zào yīn,rumble,L2,環境保護,⭐
垃圾,lā jī,trash,L1,環境保護,⭐
栽培,zāi péi,to grow,L3,科技知識,⭐
組織,zǔ zhī,to organize,L3,科技知識,⭐
規律,guī lǜ,rule,L3,科技知識,⭐
解釋,jiě shì,explanation,L3,科技知識,⭐
分享,fēn xiǎng,to share,L1,科技知識,⭐
製造,zhì zào,to manufacture,L2,科技知識,⭐
狹窄,xiá zhǎi,narrow,L3,地點景物,⭐
寒風刺骨,hán fēng cì gǔ,bone chilling wind,L3,四季,⭐
香噴噴,xiāng pēn pēn,delicious,L3,物品,⭐
閃亮,shǎn liàng,brilliant,L1,物品,⭐
平凡,píng fán,commonplace,L3,物品,⭐
模仿,mó fǎng,to imitate,L3,動物,⭐
盤旋,pán xuán,to spiral,L3,動物,⭐
勇猛,yǒng měng,bold and powerful,L2,動物,⭐
堅定,jiān dìng,firm,L2,性格,⭐
辛勞,xīn láo,laborious,L1,性格,⭐
傷心,shāng xīn,to grieve,L1,心理,⭐
喜悅,xǐ yuè,happy,L2,心理,⭐
扔,rēng,to throw,L2,動作,⭐
吩咐,fēn fu,to tell,L2,動作,⭐
呼喚,hū huàn,to call out,L2,動作,⭐
稱讚,chēng zàn,to praise,L2,動作,⭐
胡言亂語,hú yán luàn yǔ,babbling nonsense,L2,動作,⭐
凝視,níng shì,to gaze at,L2,動作,⭐
保護,bǎo hù,to protect,L1,動作,⭐
休息,xiū xi,rest,L1,動作,⭐
注意,zhù yì,to take note of,L1,動作,⭐
道別,dào bié,to say goodbye,L1,動作,⭐
外婆,wài pó,mother's mother,L1,人物,⭐
編輯,biān jí,to edit,L2,人物,⭐
海洋,hǎi yáng,ocean,L1,環境保護,⭐
破壞,pò huài,destruction,L1,環境保護,⭐
打雷,dǎ léi,to rumble with thunder,L1,四季,⭐
寒冷,hán lěng,cold,L1,四季,⭐
溫暖,wēn nuǎn,warm,L1,四季,⭐
蜜蜂,mì fēng,bee,L1,四季,⭐
蝴蝶,hú dié,butterfly,L1,四季,⭐
青蛙,qīng wā,frog (,L1,四季,⭐
收穫,shōu huò,to harvest,L2,四季,⭐
尖銳,jiān ruì,sharp,L2,物品,⭐
精彩,jīng cǎi,wonderful,L1,物品,⭐
方便,fāng biàn,convenient,L1,物品,⭐
雪白,xuě bái,snow white,L1,動物,⭐
鋒利,fēng lì,sharp,L2,動物,⭐
積極,jī jí,active,L1,性格,⭐
狡猾,jiǎo huá,crafty,L1,性格,⭐
善良,shàn liáng,good and honest,L1,性格,⭐
謙虛,qiān xū,modest,L1,性格,⭐
勇敢,yǒng gǎn,brave,L1,性格,⭐
自私,zì sī,selfish,L1,性格,⭐
誠實,chéng shí,honest,L1,性格,⭐
認真,rèn zhēn,conscientious,L1,性格,⭐
愚笨,yú bèn,stupid,L1,性格,⭐
正直,zhèng zhí,upright,L1,性格,⭐
禮貌,lǐ mào,courtesy,L1,性格,⭐
調皮,tiáo pí,naughty,L1,性格,⭐
拍照,pāi zhào,to take a picture,L1,活動事件,⭐
燒烤,shāo kǎo,barbecue,L1,活動事件,⭐
辦公室,bàn gōng shì,office,L1,地點景物,⭐
郊外,jiāo wài,outskirts,L1,地點景物,⭐
鄰居,lín jū,neighbor,L1,人物,⭐
晚上,wǎn shang,evening,L1,時間,⭐
煙火,yān huǒ,smoke and fire,L1,節日,⭐
潔白,jié bái,spotlessly white,L1,物品,⭐
整齊,zhěng qí,orderly,L1,物品,⭐
美麗,měi lì,beautiful,L1,物品,⭐
漂亮,piào liang,pretty,L1,物品,⭐
衣裳,yī shang,clothes,L1,物品,⭐
鉛筆,qiān bǐ,pencil,L1,物品,⭐
清淡,qīng dàn,light,L1,食物,⭐
冬瓜,dōng guā,wax gourd,L1,食物,⭐
牛奶,niú nǎi,cow's milk,L1,食物,⭐
蘋果,píng guǒ,apple,L1,食物,⭐
雞蛋,jī dàn,egg,L1,食物,⭐
零食,líng shí,snack,L1,食物,⭐
香蕉,xiāng jiāo,banana,L1,食物,⭐
害怕,hài pà,to be afraid,L1,心理,⭐
擔心,dān xīn,anxious,L1,心理,⭐
緊張,jǐn zhāng,nervous,L1,心理,⭐
興奮,xīng fèn,excited,L1,心理,⭐
冷靜,lěng jìng,calm,L1,心理,⭐
好奇,hào qí,inquisitive,L1,心理,⭐
驚喜,jīng xǐ,nice surprise,L1,心理,⭐
一字不漏,yī zì bù lòu,without missing a word,L3,語文概念,⭐
一模一樣,yī mú yī yàng,exactly the same,L1,人生哲理,⭐
一縷,yī lǚ,one strand,L3,物品,⭐
一趟,yī tāng,one old,L3,動作,⭐
一隻,yī zhī,one classifier for birds and certain animals,L1,語文概念,⭐
七嘴八舌,qī zuǐ bā shé,lively discussion with everybody talking at once,L3,動作,⭐
不分晝夜,bù fēn zhòu yè,day and night,L3,時間,⭐
不擇手段,bù zé shǒu duàn,by fair means or foul,L3,性格,⭐
中暑,zhòng shǔ,to suffer heat exhaustion,L4,健康,⭐
乘坐,chéng zuò,to ride,L1,動作,⭐
乘機,chéng jī,to take the opportunity,L4,動作,⭐
乾燥,gān zào,dry,L2,外貌,⭐
五彩繽紛的,wǔ cǎi bīn fēn de,all the colors in profusion,L1,顏色,⭐
五體投地,wǔ tǐ tóu dì,to prostrate oneself in admiration,L4,人生哲理,⭐
井言有序,jǐng yán yǒu xù,well organised,L4,動作,⭐
亡羊補牢,wáng yáng bǔ láo,lit. to mend the pen after sheep are lost,L2,性格,⭐
交通,jiāo tōng,to be connected,L1,活動事件,⭐
今天,jīn tiān,today,L1,時間,⭐
仍然,réng rán,still,L1,時間,⭐
使勁,shǐ jìn,to exert all one's strength,L1,動作,⭐
使用,shǐ yòng,to use,L1,動作,⭐
俠義,xiá yì,chivalrous,L3,性格,⭐
倒閉,dǎo bì,to go bankrupt,L4,活動事件,⭐
倒霉,dǎo méi,to have bad luck,L1,語文概念,⭐
值得,zhí de,worth the money,L1,語文概念,⭐
假期,jià qī,vacation,L1,時間,⭐
假裝,jiǎ zhuāng,to feign,L2,心理,⭐
偏僻,piān pì,remote,L4,地點景物,⭐
偏見,piān jiàn,prejudice,L3,心理,⭐
偏遠,piān yuǎn,remote,L3,地點景物,⭐
做事,zuò shì,to work,L1,動作,⭐
做飯,zuò fàn,to prepare a meal,L1,動作,⭐
僥倖,jiǎo xìng,luckily,L4,心理,⭐
僵硬,jiāng yìng,stiff,L3,外貌,⭐
優秀,yōu xiù,outstanding,L2,性格,⭐
優良,yōu liáng,fine,L1,性格,⭐
光明,guāng míng,light,L1,天文氣象,⭐
光溜溜,guāng liu liū,smooth slip away,L3,外貌,⭐
光澤,guāng zé,luster,L3,外貌,⭐
兌現,duì xiàn,to cash,L3,動作,⭐
最後,zuì hòu,final,L1,時間,⭐
冬季,dōng jì,winter,L1,四季,⭐
冬眠,dōng mián,to hibernate,L1,動物,⭐
冰棒,bīng bàng,popsicle,L1,食物,⭐
冰涼,bīng liáng,ice-cold,L1,天文氣象,⭐
冰箱,bīng xiāng,refrigerator,L1,物品,⭐
冷凍,lěng dòng,to freeze,L1,天文氣象,⭐
冷清,lěng qīng,cold and cheerless,L1,天文氣象,⭐
利欲薰心,lì yù xūn xīn,cupidity dominate one's thoughts,L4,性格,⭐
剔除,tī chú,to reject,L1,動作,⭐
剩餘,shèng yú,remainder,L2,動作,⭐
創作,chuàng zuò,to create,L3,動作,⭐
劈柴,pī chái,to chop firewood,L4,動作,⭐
募捐,mù juān,to solicit contributions,L4,活動事件,⭐
匯集,huì jí,to collect,L3,動作,⭐
區別,qū bié,difference,L4,語文概念,⭐
千載難逢,qiān zǎi nán féng,extremely rare,L3,活動事件,⭐
危機四伏,wēi jī sì fú,danger lurks on every side,L3,活動事件,⭐
厚薄,hòu báo,thickness,L4,外貌,⭐
厲害,lì hai,terrible,L1,心理,⭐
受傷,shòu shāng,to sustain injuries,L1,健康,⭐
口渴,kǒu kě,thirsty,L4,健康,⭐
古墓,gǔ mù,old tomb,L4,地點景物,⭐
只有,zhǐ yǒu,only have ...,L1,語文概念,⭐
可以,kě yǐ,can,L1,語文概念,⭐
可怕,kě pà,awful,L1,心理,⭐
吃飽,chī bǎo,to eat one's fill,L1,動作,⭐
呆若木雞,dāi ruò mù jī,lit. dumb as a wooden chicken,L4,外貌,⭐
告訴,gào sù,to press charges,L1,動作,⭐
和暖的,hé nuǎn de,pleasantly warm,L1,外貌,⭐
和藹,hé ǎi,kindly,L3,性格,⭐
唯利是圖,wéi lì shì tú,to be bent solely on profit,L4,性格,⭐
唱歌,chàng gē,to sing a song,L1,動作,⭐
商議,shāng yì,to negotiate,L3,心理,⭐
問題,wèn tí,question,L1,語文概念,⭐
啜泣,chuò qì,to sob,L3,動作,⭐
啞口無言,yǎ kǒu wú yán,dumbstruck and unable to reply,L3,動作,⭐
喜歡,xǐ huan,to like,L1,心理,⭐
喝水,hē shuǐ,drink water,L1,動作,⭐
喝湯,hē shāng,drink rushing current,L1,食物,⭐
單純,dān chún,simple,L3,性格,⭐
嗆著,qiāng zhe,choke a move in chess,L3,健康,⭐
嘔吐,ǒu tù,to vomit,L4,健康,⭐
回復,huí fù,to reply,L2,動作,⭐
回答,huí dá,to reply,L1,動作,⭐
圍繞,wéi rào,to revolve around,L3,動作,⭐
圖畫,tú huà,drawing,L3,物品,⭐
堵塞,dǔ sè,to clog up,L4,動作,⭐
塗上顏色,tú shǎng yán sè,apply up color,L1,顏色,⭐
填色,tián sè,fill or stuff color,L1,動作,⭐
壁報,bì bào,wall newspaper,L1,物品,⭐
壓扁,yā biǎn,to squash,L3,動作,⭐
大叫,dà jiào,big shout,L1,動作,⭐
大炮,dà pào,big gun,L1,物品,⭐
天鵝,tiān é,swan,L1,動物,⭐
夾板,jiā bǎn,wooden boards used to press sth together,L3,物品,⭐
好像,hǎo xiàng,as if,L1,語文概念,⭐
如果,rú guǒ,if,L1,語文概念,⭐
如釋重負,rú shì zhòng fù,as if relieved from a burden,L3,人生哲理,⭐
姐妹,jiě mèi,sisters,L1,人物,⭐
姑媽,gū mā,father's married sister,L1,人物,⭐
姓名,xìng míng,full name,L1,語文概念,⭐
婚禮,hūn lǐ,wedding ceremony,L2,活動事件,⭐
學校,xué xiào,school,L1,地點景物,⭐
安裝,ān zhuāng,to install,L2,科技知識,⭐
完成,wán chéng,to complete,L1,動作,⭐
害羞,hài xiū,shy,L1,心理,⭐
家務,jiā wù,household duties,L1,活動事件,⭐
容易,róng yì,easy,L1,語文概念,⭐
密密麻麻,mì mi má má,numerous and close together,L4,外貌,⭐
富饒,fù ráo,fertile,L4,環境保護,⭐
寓言,yù yán,fable,L1,語文概念,⭐
寫作,xiě zuò,to write,L1,動作,⭐
寶貴,bǎo guì,valuable,L1,人生哲理,⭐
對待,duì dài,to treat,L2,動作,⭐
居住,jū zhù,to reside,L1,動作,⭐
屢次,lǚ cì,repeatedly,L3,時間,⭐
崎嶇,qí qū,rugged,L4,外貌,⭐
已經,yǐ jīng,already,L1,時間,⭐
布幕,bù mù,screen,L4,物品,⭐
平躺,píng tǎng,flat recline,L3,健康,⭐
幸災樂禍,xìng zāi lè huò,lit. to take joy in calamity and delight in disaster,L2,性格,⭐
幾乎,jī hū,almost,L3,心理,⭐
店鋪,diàn pù,store,L4,地點景物,⭐
廚餘,chú yú,kitchen waste,L2,環境保護,⭐
弊端,bì duān,systemic problem,L4,人生哲理,⭐
強迫,qiǎng pò,to compel,L3,動作,⭐
彆扭,biè niu,awkward,L4,外貌,⭐
形形色色,xíng xíng sè sè,all kinds of,L3,外貌,⭐
形狀,xíng zhuàng,form,L2,外貌,⭐
往來,wǎng lái,dealings,L1,動作,⭐
很好,hěn hǎo,very good,L1,語文概念,⭐
從前,cóng qián,previously,L1,時間,⭐
復課,fù kè,to resume classes,L1,活動事件,⭐
微弱,wēi ruò,weak,L4,外貌,⭐
心情,xīn qíng,mood,L1,心理,⭐
心瓣,xīn bàn,heart valve,L3,外貌,⭐
忍不住,rěn bu zhù,cannot help,L1,動作,⭐
忘恩負義,wàng ēn fù yì,to forget favors and violate justice,L3,性格,⭐
忙碌地,máng lù de,busy,L1,動作,⭐
快慢,kuài màn,speed,L1,語文概念,⭐
忽然,hū rán,suddenly,L1,時間,⭐
忿忿不平,fèn fèn bù píng,indignant and resentful,L4,性格,⭐
恭喜,gōng xǐ,to congratulate,L1,語文概念,⭐
惋惜,wǎn xī,to regret,L4,心理,⭐
想念,xiǎng niàn,to miss,L1,心理,⭐
意思,yì si,idea,L1,語文概念,⭐
愛不釋手,ài bù shì shǒu,to like sth so much that one is reluctant to put it down,L3,動作,⭐
愛戴,ài dài,to love and respect,L3,性格,⭐
感情,gǎn qíng,emotion,L1,心理,⭐
慈愛,cí ài,love,L3,性格,⭐
慈祥,cí xiáng,kindly,L2,性格,⭐
慶祝,qìng zhù,to celebrate,L2,活動事件,⭐
憑什麼,píng shén me,why?,L3,動作,⭐
成見,chéng jiàn,preconceived idea,L3,心理,⭐
截止,jié zhǐ,to end,L3,時間,⭐
截然不同,jié rán bù tóng,entirely different,L3,人生哲理,⭐
房間,fáng jiān,room,L1,地點景物,⭐
手勢,shǒu shì,gesture,L3,外貌,⭐
手帕,shǒu pà,handkerchief,L1,物品,⭐
手槍,shǒu qiāng,pistol,L3,物品,⭐
打球,dǎ qiú,to play ball,L1,動作,⭐
打賭,dǎ dǔ,to bet,L4,活動事件,⭐
找到,zhǎo dào,to find,L1,動作,⭐
抓狂,zhuā kuáng,to blow one's top,L3,動作,⭐
抱著,bào zhe,hold a move in chess,L1,動作,⭐
拍手,pāi shǒu,to clap one's hands,L1,動作,⭐
拒絕,jù jué,to refuse,L3,心理,⭐
拘捕,jū bǔ,to arrest,L4,活動事件,⭐
拳打腳踢,quán dǎ jiǎo tī,lit. to punch and kick,L3,動作,⭐
拼命,pīn mìng,to do one's utmost,L1,動作,⭐
拿起,ná qǐ,to pick up,L1,動作,⭐
按部就班,àn bù jiù bān,to follow the prescribed order,L2,性格,⭐
挨餓,ái è,to go hungry,L2,健康,⭐
挾持,xié chí,to seize by the arms,L3,動作,⭐
捉弄,zhuō nòng,to tease,L3,動作,⭐
掉進,diào jìn,fall go forward,L1,動作,⭐
掛念,guà niàn,to feel anxious about,L1,動作,⭐
接著,jiē zhe,to catch and hold on,L1,動作,⭐
揭開,jiē kāi,to uncover,L4,動作,⭐
搶救,qiǎng jiù,to rescue,L3,動作,⭐
摔了一跤,shuāi le yī jiāo,throw down finish one a tumble,L1,動作,⭐
摟抱,lǒu bào,to hug,L3,動作,⭐
摸索,mō suo,to feel about,L3,動作,⭐
撫摸,fǔ mō,to gently caress and stroke,L3,動作,⭐
撿起,jiǎn qǐ,pick up rise,L1,動作,⭐
擁拍,yǒng pāi,embrace and pat,L4,動作,⭐
操場,cāo chǎng,playground,L1,地點景物,⭐
操心,cāo xīn,to worry about,L2,心理,⭐
擦汗,cā hán,rub perspiration,L1,健康,⭐
教室,jiào shì,classroom,L1,地點景物,⭐
教導,jiào dǎo,to instruct,L3,動作,⭐
數據,shù jù,data,L3,科技知識,⭐
昆蟲,kūn chóng,insect,L1,動物,⭐
春天,chūn tiān,spring,L1,四季,⭐
昨天,zuó tiān,yesterday,L1,時間,⭐
時候,shí hou,time,L1,時間,⭐
時間,shí jiān,time,L2,時間,⭐
普遍,pǔ biàn,universal,L3,人生哲理,⭐
晴天,qíng tiān,clear sky,L1,天文氣象,⭐
晴朗,qíng lǎng,sunny and cloudless,L1,天文氣象,⭐
暑假,shǔ jià,summer vacation,L1,時間,⭐
暴躁,bào zào,irascible,L2,性格,⭐
書本,shū běn,book,L3,物品,⭐
書簿,shū bù,book a book,L4,物品,⭐
有效,yǒu xiào,effective,L1,語文概念,⭐
有機可乘,yǒu jī kě chéng,to have an opportunity that one can exploit,L3,人生哲理,⭐
服侍,fú shi,to attend to,L2,動作,⭐
柏樹,bǎi shù,cypress tree,L1,植物,⭐
根本,gēn běn,fundamental,L1,語文概念,⭐
植物,zhí wù,plant,L1,植物,⭐
樓房,lóu fáng,a building of two or more stories,L3,地點景物,⭐
機智聰明,jī zhì cōng ming,quick-witted intelligent,L3,性格,⭐
機會,jī huì,opportunity,L3,心理,⭐
欣賞,xīn shǎng,to appreciate,L1,心理,⭐
歐洲,Ōu zhōu,europe,L4,地點景物,⭐
殷勤,yīn qín,politely,L4,性格,⭐
毆打,ōu dǎ,to beat up,L4,動作,⭐
毒蛇,dú shé,viper,L1,動物,⭐
比較,bǐ jiào,to compare,L1,語文概念,⭐
毫不留情,háo bù liú qíng,to show no quarter,L4,性格,⭐
毫無生氣,háo wú shēng qì,not in the least get angry,L4,外貌,⭐
水泡,shuǐ pào,bubble,L1,語文概念,⭐
永不放棄,yǒng bù fàng qì,never renounce,L3,性格,⭐
永遠,yǒng yuǎn,forever,L1,時間,⭐
決定,jué dìng,to decide,L1,心理,⭐
汽車,qì chē,car,L1,物品,⭐
沉迷,chén mí,to be engrossed,L1,心理,⭐
沒有,méi yǒu,haven't,L1,語文概念,⭐
泉水,quán shuǐ,spring water,L1,地點景物,⭐
泊車,bó chē,to park,L1,動作,⭐
洗澡,xǐ zǎo,to bathe,L2,健康,⭐
活動,huó dòng,to exercise,L1,活動事件,⭐
浪花,làng huā,spray,L1,地點景物,⭐
海峽,hǎi xiá,strait,L3,地點景物,⭐
海邊,hǎi biān,coast,L1,地點景物,⭐
海鷗,hǎi ōu,gull,L4,動物,⭐
深信不疑,shēn xìn bù yí,to believe firmly without any doubt,L4,性格,⭐
淵博,yuān bó,erudite,L4,性格,⭐
溜冰,liū bīng,ice skating,L1,動作,⭐
滿頭霧水,mǎn tóu wù shuǐ,manchu ethnic group head fog water,L3,心理,⭐
潮濕,cháo shī,damp,L2,外貌,⭐
澆水,jiāo shuǐ,to water,L4,植物,⭐
烏鴉,wū yā,crow,L1,動物,⭐
烽煙,fēng yān,fire beacon,L4,活動事件,⭐
無可奈何,wú kě nài hé,have no way out,L4,心理,⭐
無窮無盡,wú qióng wú jìn,endless,L3,人生哲理,⭐
無言以對,wú yán yǐ duì,to be left speechless,L4,人生哲理,⭐
煮飯,zhǔ fàn,to cook,L4,食物,⭐
熱騰騰的,rè téng téng de,steaming hot,L1,外貌,⭐
爭辯,zhēng biàn,a dispute,L3,動作,⭐
爸媽,bà mā,dad and mom,L1,人物,⭐
特別,tè bié,unusual,L2,心理,⭐
犯錯,fàn cuò,to err,L2,動作,⭐
狠心,hěn xīn,callous,L1,性格,⭐
狡辯,jiǎo biàn,to deflect blame from oneself with a dishonest story,L3,動作,⭐
獎杯,jiǎng bēi,trophy cup,L2,物品,⭐
獨立,dú lì,independent,L2,性格,⭐
獲得,huò dé,to obtain,L2,動作,⭐
獻報,xiàn bào,offer a report,L3,動作,⭐
玩具,wán jù,plaything,L1,物品,⭐
現在,xiàn zài,now,L1,時間,⭐
理直氣壯,lǐ zhí qì zhuàng,in the right and self-confident,L4,性格,⭐
番禺,Pān yú,panyu County in Guangdong province,L1,地點景物,⭐
疲倦,pí juàn,to tire,L1,健康,⭐
疼痛,téng tòng,pain,L1,健康,⭐
疾病,jí bìng,disease,L1,健康,⭐
痊瘉,quán yù,recover fully,L1,健康,⭐
瘡疤,chuāng bā,scar,L3,外貌,⭐
瘦巴巴,shòu bā bā,thin,L3,外貌,⭐
瘦弱,shòu ruò,thin and weak,L1,外貌,⭐
癖好,pǐ hào,one's passion,L4,心理,⭐
盆栽,pén zāi,to grow in a pot,L3,植物,⭐
盡情,jìn qíng,as much as one likes,L1,動作,⭐
盡情地,jìn qíng de,as much as one likes,L1,動作,⭐
目登口呆,mù dēng kǒu dāi,dumbfounded,L3,外貌,⭐
目的,mù dì,purpose,L1,語文概念,⭐
相依為命,xiāng yī wéi mìng,mutually dependent for life,L3,人生哲理,⭐
相信,xiāng xìn,to believe,L1,心理,⭐
相逢,xiāng féng,to meet,L4,活動事件,⭐
眉毛,méi mao,eyebrow,L1,外貌,⭐
看見,kàn jiàn,to see,L1,動作,⭐
眼睛,yǎn jing,eye,L1,外貌,⭐
睡覺,shuì jiào,to go to bed,L1,動作,⭐
瞞騙,mán piàn,to deceive,L3,動作,⭐
瞟一眼,piǎo yī yǎn,cast a glance a glance,L2,動作,⭐
瞥見,piē jiàn,to glimpse,L4,動作,⭐
知曉,zhī xiǎo,to know,L4,心理,⭐
知道,zhī dào,to know,L1,心理,⭐
碼頭,mǎ tóu,dock,L1,地點景物,⭐
祝福,zhù fú,blessings,L2,動作,⭐
神彩飛揚,shén cǎi fēi yáng,radiant and energetic,L2,外貌,⭐
神態,shén tài,appearance,L2,外貌,⭐
禁止,jìn zhǐ,to prohibit,L2,動作,⭐
禍不單行,huò bù dān xíng,misfortune does not come singly,L2,人生哲理,⭐
禮儀,lǐ yí,etiquette,L3,動作,⭐
萬聖節,Wàn shèng jié,all Saints,L1,活動事件,⭐
空餘時間,kòng yú shí jiān,free time,L2,時間,⭐
穿著,chuān zhuó,attire,L1,動作,⭐
竊竊私語,qiè qiè sī yǔ,to whisper,L3,動作,⭐
立刻,lì kè,forthwith,L1,時間,⭐
竭力,jié lì,to do one's utmost,L4,動作,⭐
竹子,zhú zi,bamboo,L1,植物,⭐
竹簍,zhú lǒu,bamboo basket,L3,物品,⭐
筆刨,bǐ bào,pen carpenter's plane,L1,物品,⭐
等候,děng hòu,to wait,L2,動作,⭐
節日,jié rì,holiday,L1,活動事件,⭐
篇章,piān zhāng,chapter,L3,語文概念,⭐
簡陋,jiǎn lòu,simple and crude,L3,外貌,⭐
籃球,lán qiú,basketball,L1,物品,⭐
精神,jīng shén,spirit,L1,健康,⭐
糟糕,zāo gāo,too bad,L1,心理,⭐
終於,zhōng yú,at last,L1,時間,⭐
絡繹不絕,luò yì bù jué,continuously,L3,人生哲理,⭐
編寫,biān xiě,to compile,L3,語文概念,⭐
緩緩地,huǎn huǎn de,slowly,L1,動作,⭐
練習,liàn xí,to practice,L1,動作,⭐
縫補,féng bǔ,to darn,L4,動作,⭐
總是,zǒng shì,always,L1,語文概念,⭐
繳稅,jiǎo shuì,to pay tax,L3,動作,⭐
繼續,jì xù,to continue,L1,動作,⭐
美妙的,měi miào de,beautiful,L1,外貌,⭐
羨慕,xiàn mù,to envy,L4,心理,⭐
翩翩,piān piān,elegant,L3,外貌,⭐
翻譯,fān yì,to translate,L3,語文概念,⭐
老伯伯,lǎo bó bo,grandpa,L1,人物,⭐
肆虐,sì nüè,to wreak havoc,L3,動作,⭐
肩膀,jiān bǎng,shoulder,L4,外貌,⭐
背影,bèi yǐng,rear view,L1,外貌,⭐
脫離,tuō lí,to separate oneself from,L3,動作,⭐
腦袋,nǎo dai,head,L1,外貌,⭐
腳趾,jiǎo zhǐ,toe,L1,外貌,⭐
臉龐,liǎn páng,face,L3,外貌,⭐
臉蛋,liǎn dàn,cheek,L1,外貌,⭐
臉頰,liǎn jiá,cheek,L3,外貌,⭐
臨摹,lín mó,to copy,L4,動作,⭐
自告奮勇,zì gào fèn yǒng,to volunteer for,L4,性格,⭐
自私自利,zì sī zì lì,everything for self and selfish profit,L4,性格,⭐
與眾不同,yǔ zhòng bù tóng,to stand out from the masses,L3,性格,⭐
舒服地,shū fu de,comfortable,L1,健康,⭐
船艙,chuán cāng,hold of ship,L3,物品,⭐
艱難,jiān nán,difficult,L3,心理,⭐
花瓣,huā bàn,petal,L3,植物,⭐
花草,huā cǎo,flowers and plants,L1,植物,⭐
著作,zhù zuò,to write,L4,語文概念,⭐
著急,zháo jí,to worry,L1,心理,⭐
葉子,yè zi,leaf (,L1,植物,⭐
蔬菜,shū cài,vegetables,L1,食物,⭐
藍色,lán sè,blue,L1,顏色,⭐
蚊子,wén zi,mosquito,L1,動物,⭐
蛻變,tuì biàn,to transform,L3,動作,⭐
蜻蜓,qīng tíng,dragonfly,L1,動物,⭐
蝎子,xiē zi,scorpion,L4,動物,⭐
螞蟻,mǎ yǐ,ant,L1,動物,⭐
衰弱,shuāi ruò,weak,L3,健康,⭐
裁判,cái pàn,to judge,L2,人物,⭐
裁員,cái yuán,to cut staff,L2,人物,⭐
裁決,cái jué,ruling,L3,活動事件,⭐
裁減,cái jiǎn,to reduce,L3,動作,⭐
裂縫,liè fèng,crack,L2,物品,⭐
補充,bǔ chōng,to replenish,L2,動作,⭐
補救,bǔ jiù,to remedy,L2,動作,⭐
裝備,zhuāng bèi,equipment,L2,物品,⭐
裝飾,zhuāng shì,to decorate,L2,動作,⭐
褐色,hè sè,brown,L4,顏色,⭐
襤褸,lán lǚ,ragged,L3,外貌,⭐
覺得,jué de,to think that ...,L1,心理,⭐
觀念,guān niàn,notion,L3,人生哲理,⭐
觸摸,chù mō,to touch,L3,動作,⭐
詩歌,shī gē,poem,L2,語文概念,⭐
請問,qǐng wèn,excuse me,L1,動作,⭐
譏笑,jī xiào,to sneer,L3,動作,⭐
譏諷別人,jī fěng bié ren,satirize other people,L3,動作,⭐
譬如,pì rú,for example,L4,語文概念,⭐
貪吃,tān chī,gluttonous,L1,性格,⭐
貪婪,tān lán,avaricious,L3,性格,⭐
貪慕虛榮,tān mù xū róng,have a voracious desire for admire vanity,L3,性格,⭐
責罵,zé mà,to scold,L1,動作,⭐
質疑,zhì yí,to call into question,L3,心理,⭐
走避,zǒu bì,to run away,L1,動作,⭐
跌倒,diē dǎo,to tumble,L1,動作,⭐
跑步,pǎo bù,to run,L1,動作,⭐
跟著,gēn zhe,to follow after,L1,動作,⭐
路燈,lù dēng,street lamp,L1,物品,⭐
跳舞,tiào wǔ,to dance,L1,動作,⭐
踉蹌,liàng qiàng,to stagger,L3,外貌,⭐
踏上,tà shàng,to set foot on,L1,動作,⭐
踏實,tā shi,firmly-based,L3,性格,⭐
踢球,tī qiú,kick ball,L1,動作,⭐
躲避,duǒ bì,to hide,L4,動作,⭐
軀體,qū tǐ,body,L4,外貌,⭐
車票,chē piào,ticket,L2,物品,⭐
載客,zài kè,to take passengers on board,L3,動作,⭐
載歌載舞,zài gē zài wǔ,singing and dancing,L3,活動事件,⭐
輔助,fǔ zhù,to assist,L4,科技知識,⭐
轟動,hōng dòng,to cause a sensation,L3,活動事件,⭐
辦事不力,bàn shì bù lì,handle not do one's best,L3,性格,⭐
辦法,bàn fǎ,means,L1,心理,⭐
辨別,biàn bié,to distinguish,L3,語文概念,⭐
辯解,biàn jiě,to explain,L3,動作,⭐
送給,sòng gěi,to send,L1,動作,⭐
通知,tōng zhī,to notify,L1,動作,⭐
遇見,yù jiàn,to meet,L1,動作,⭐
過程,guò chéng,course of events,L2,活動事件,⭐
選擇,xuǎn zé,to select,L3,心理,⭐
還有,hái yǒu,there still remain,L1,語文概念,⭐
邪惡,xié è,sinister,L3,性格,⭐
都市,dū shì,city,L4,地點景物,⭐
釋放,shì fàng,to release,L3,動作,⭐
鋪設,pū shè,to lay,L4,動作,⭐
錢幣,qián bì,money,L4,物品,⭐
鐵色,tiě sè,iron color,L4,顏色,⭐
閉氣,bì qì,close gas,L4,健康,⭐
開始,kāi shǐ,to begin,L1,動作,⭐
閱讀,yuè dú,to read,L1,動作,⭐
闖禍,chuǎng huò,to cause an accident,L2,動作,⭐
關於,guān yú,pertaining to,L1,語文概念,⭐
關燈,guān dēng,mountain pass lamp,L1,動作,⭐
阻撓,zǔ náo,to thwart,L4,動作,⭐
阻礙,zǔ ài,to obstruct,L2,動作,⭐
陽光,yáng guāng,sunshine,L1,天文氣象,⭐
障礙,zhàng ài,barrier,L3,動作,⭐
隨便,suí biàn,as one wishes,L2,心理,⭐
隱蔽,yǐn bì,to conceal,L4,外貌,⭐
雀鳥,què niǎo,bird,L1,動物,⭐
集合,jí hé,to gather,L1,動作,⭐
雖然,suī rán,although,L1,語文概念,⭐
雙方,shuāng fāng,bilateral,L1,語文概念,⭐
電視,diàn shì,television,L1,物品,⭐
需求,xū qiú,requirement,L3,心理,⭐
需要,xū yào,to need,L1,心理,⭐
竟然,jìng rán,unexpectedly,L4,時間,⭐
頂峰,dǐng fēng,peak,L4,地點景物,⭐
飄揚,piāo yáng,to wave,L2,動作,⭐
飄盪,piāo dàng,to drift,L3,動作,⭐
飄落,piāo luò,to float down,L1,動作,⭐
飼養,sì yǎng,to raise,L2,動作,⭐
飽餐一頓,bǎo cān yī dùn,to eat one's fill,L2,食物,⭐
餐館,cān guǎn,restaurant,L2,地點景物,⭐
饑荒,jī huāng,crop failure,L3,活動事件,⭐
饑餓,jī è,hungry,L2,健康,⭐
首都,shǒu dū,capital,L2,地點景物,⭐
首飾,shǒu shì,jewelry,L2,物品,⭐
馬路,mǎ lù,street,L1,地點景物,⭐
騙案,piàn àn,scam,L3,活動事件,⭐
驅趕,qū gǎn,to drive,L4,動作,⭐
驕傲自滿,jiāo ào zì mǎn,pride complacent,L3,性格,⭐
髒兮兮,zāng xī xī,dirty,L3,外貌,⭐
體驗,tǐ yàn,to experience for oneself,L3,動作,⭐
髮辮,fà biàn,braid,L3,外貌,⭐
鬼鬼祟祟,guǐ guǐ suì suì,sneaky,L2,性格,⭐
鮑魚,bào yú,abalone,L1,食物,⭐
鳥兒,niǎo r,bird,L1,動物,⭐
鴨子,yā zi,duck,L1,動物,⭐
鴿子,gē zi,pigeon,L1,動物,⭐
麵包,miàn bāo,bread,L1,食物,⭐
黑暗,hēi àn,dark,L1,天文氣象,⭐
痊癒,quán yù,to recover completely,L1,健康,⭐
氣餒,qì něi,to be discouraged,L5,心理,
退縮,tuì suō,to shrink back,L5,心理,
遺憾,yí hàn,regret,L5,心理,
依依不捨,yī yī bù shě,reluctant to part,L5,心理,
依戀,yī liàn,to be fondly attached to,L5,心理,
冤枉,yuān wang,to accuse wrongly,L5,心理,
勉強,miǎn qiǎng,to do with difficulty,L5,心理,
回憶,huí yì,to recall,L5,心理,
困苦,kùn kǔ,deprivation,L5,心理,
孤寂,gū jì,lonesome,L5,心理,
安樂,ān lè,peace and happiness,L5,心理,
得意洋洋,dé yì yáng yáng,joyfully satisfied,L5,心理,
微不足道,wēi bù zú dào,negligible,L5,心理,
忘懷,wàng huái,to forget,L5,心理,
悶聲不響,mēn shēng bù xiǎng,to keep silent,L5,心理,
悽涼,qī liáng,mournful,L5,心理,
愁,chóu,to worry about,L5,心理,
感謝,gǎn xiè,thanks,L5,心理,
憧憬,chōng jǐng,to long for,L5,心理,
懷念,huái niàn,to cherish the memory of,L5,心理,
按捺不住,àn nà bu zhù,to be unable to hold back,L5,心理,
挫敗,cuò bài,to thwart,L5,心理,
新里程,xīn lǐ chéng,new mileage,L5,心理,
日夜盼望,rì yè pàn wàng,day and night hope for,L5,心理,
暗淡,àn dàn,dark,L5,心理,
望眼欲穿,wàng yǎn yù chuān,to anxiously await,L5,心理,
望穿秋水,wàng chuān qiū shuǐ,full moon wear limpid autumn waters,L5,心理,
期望,qī wàng,to have expectations,L5,心理,
枯燥,kū zào,dry and dull,L5,心理,
氣壯,qì zhuàng,gas zhuang ethnic group of Guangxi,L5,心理,
無奈,wú nài,to have no alternative,L5,心理,
煩悶,fán mèn,moody,L5,心理,
珍藏,zhēn cáng,a collection of rare and valuable items,L5,心理,
理直,lǐ zhí,texture straight,L5,心理,
留戀,liú liàn,reluctant to leave,L5,心理,
百感交集,bǎi gǎn jiāo jí,all sorts of feelings well up in one's heart,L5,心理,
祝願,zhù yuàn,to wish,L5,心理,
積極面對,jī jí miàn duì,active face,L5,心理,
胸有成竹,xiōng yǒu chéng zhú,to have a well thought out plan in mind,L5,心理,
自討沒趣,zì tǎo méi qù,to invite a snub,L5,心理,
致志,zhì zhì,fine aspiration,L5,心理,
辜負,gū fù,to fail to live up,L5,心理,
迷惘,mí wǎng,perplexed,L5,心理,
鬥志,dòu zhì,will to fight,L5,心理,
不寒而慄,bù hán ér lì,lit. not cold,L5,心理,
不知所措,bù zhī suǒ cuò,not knowing what to do,L5,心理,
人心惶惶,rén xīn huáng huáng,everyone is anxious,L5,心理,
十萬火急,shí wàn huǒ jí,most urgent,L5,心理,
千鈞一髮,qiān jūn yī fà,a thousand pounds hangs by a thread,L5,心理,
大驚失色,dà jīng shī sè,to turn pale with fright,L5,心理,
尷尬,gān gà,awkward,L5,心理,
徬徨,páng huáng,irresolute,L5,心理,
心慌意亂,xīn huāng yì luàn,confused,L5,心理,
恐慌,kǒng huāng,panic,L5,心理,
恐懼,kǒng jù,to be frightened,L5,心理,
懊喪,ào sàng,dejected,L5,心理,
懼怕,jù pà,to be afraid,L5,心理,
手足無措,shǒu zú wú cuò,at a loss to know what to do,L5,心理,
毛骨悚然,máo gǔ sǒng rán,to have one's hair stand on end,L5,心理,
焦躁不安,jiāo zào bù ān,fretful unpeaceful,L5,心理,
疑惑,yí huò,to doubt,L5,心理,
窘態,jiǒng tài,distressed appearance,L5,心理,
膽戰心驚,dǎn zhàn xīn jīng,to tremble with fear,L5,心理,
驚心動魄,jīng xīn dòng pò,heart-stopping,L5,心理,
驚惶,jīng huáng,panic-stricken,L5,心理,
驚異,jīng yì,amazed,L5,心理,
驚詫,jīng chà,to be surprised,L5,心理,
驚醒,jīng xǐng,to rouse,L5,心理,
甘願,gān yuàn,willingly,L5,動作,
逃竄,táo cuàn,to run away,L5,動作,
下筆成章,xià bǐ chéng zhāng,put pen paper form a coherent composition,L5,動作,
交頭接耳,jiāo tóu jiē ěr,to whisper to one another's ear,L5,動作,
兜截,dōu jié,pocket cut off,L5,動作,
分解,fēn jiě,to resolve,L5,動作,
分配,fēn pèi,to distribute,L5,動作,
動若脱兔,dòng rě tuō tù,move seem shed rabbit,L5,動作,
吵鬧,chǎo nào,noisy,L5,動作,
吸納,xī nà,to take in,L5,動作,
呵護,hē hù,to bless,L5,動作,
哽咽,gěng yè,to choke with emotion,L5,動作,
商量,shāng liang,to consult,L5,動作,
喚,huàn,to call,L5,動作,
嚇唬,xià hu,to scare,L5,動作,
囫圇吞棗,hú lún tūn zǎo,to swallow in one gulp,L5,動作,
奔波,bēn bō,to rush about,L5,動作,
容納,róng nà,to hold,L5,動作,
愛護,ài hù,to cherish,L5,動作,
懸,xuán,to hang or suspend,L5,動作,
打量,dǎ liang,to size sb up,L5,動作,
扮演,bàn yǎn,to play the role of,L5,動作,
抗議,kàng yì,to protest,L5,動作,
抵受,dǐ shòu,press against receive,L5,動作,
拆卸,chāi xiè,to dismantle,L5,動作,
指導,zhǐ dǎo,to guide,L5,動作,
捨,shě,to give up,L5,動作,
掃視,sǎo shì,to run one's eyes over,L5,動作,
採用,cǎi yòng,to adopt,L5,動作,
推動,tuī dòng,to push,L5,動作,
搗蛋,dǎo dàn,to cause trouble,L5,動作,
搭建,dā jiàn,to build,L5,動作,
攻擊,gōng jī,to attack,L5,動作,
施詐,shī zhà,put into effect cheat,L5,動作,
旋轉,xuán zhuǎn,to rotate,L5,動作,
熨,yù,reconciled,L5,動作,
牽動,qiān dòng,to affect,L5,動作,
率領,shuài lǐng,to lead,L5,動作,
疼愛,téng ài,to love dearly,L5,動作,
目不轉睛,mù bù zhuǎn jīng,unable to take one's eyes off,L5,動作,
眨眼,zhǎ yǎn,to blink,L5,動作,
磨煉,mó liàn,temper through hardship,L5,動作,
籌劃,chóu huà,to plan and prepare,L5,動作,
翹,qiáo,outstanding,L5,動作,
聯合,lián hé,to combine,L5,動作,
肩負,jiān fù,to shoulder,L5,動作,
航海,háng hǎi,to sail the seas,L5,動作,
處置,chǔ zhì,to handle,L5,動作,
處罰,chǔ fá,to penalize,L5,動作,
衝,chōng,thoroughfare,L5,動作,
補習,bǔ xí,to take extra lessons in a cram school or with a private tutor,L5,動作,
誤解,wù jiě,to misunderstand,L5,動作,
警報,jǐng bào,alarm,L5,動作,
讀劃,dòu huá,comma cut,L5,動作,
輔導,fǔ dǎo,to give guidance,L5,動作,
辯護,biàn hù,to speak in defense of,L5,動作,
進攻,jìn gōng,to attack,L5,動作,
逼近,bī jìn,to press on towards,L5,動作,
道謝,dào xiè,to express thanks,L5,動作,
遞,dì,to hand over,L5,動作,
遮蔽,zhē bì,to cover,L5,動作,
關切,guān qiè,to be deeply concerned,L5,動作,
關心,guān xīn,to be concerned about,L5,動作,
關懷,guān huái,care,L5,動作,
阻塞,zǔ sè,to block,L5,動作,
革命,gé mìng,to withdraw the mandate of heaven,L5,動作,
鼓舞,gǔ wǔ,to inspire,L5,動作,
惶恐,huáng kǒng,terrified,L5,動作,
強硬,qiáng yìng,tough,L5,動作,
誠懇,chéng kěn,sincere,L5,動作,
趾高氣揚,zhǐ gāo qì yáng,high and mighty,L5,動作,
不忿,bù fèn,unsatisfied,L5,動作,
不滿,bù mǎn,resentful,L5,動作,
冷冷,lěng lěng,coldly,L5,動作,
冷淡,lěng dàn,cold,L5,動作,
含羞答答,hán xiū dā dā,keep in the mouth bashful,L5,動作,
堅決,jiān jué,firm,L5,動作,
平靜,píng jìng,tranquil,L5,動作,
得意,dé yì,proud of oneself,L5,動作,
怔,zhēng,startled,L5,動作,
急匆匆,jí cōng cōng,hurried,L5,動作,
感歎,gǎn tàn,feel,L5,動作,
氣吁吁,qì xū xū,to pant,L5,動作,
氣急敗壞,qì jí bài huài,flustered and exasperated,L5,動作,
沒精打采,méi jīng dǎ cǎi,listless,L5,動作,
洋洋得意,yáng yáng dé yì,immensely pleased with oneself,L5,動作,
溫和,wēn hé,mild,L5,動作,
猶豫不決,yóu yù bù jué,hesitancy,L5,動作,
神色自若,shén sè zì ruò,expression calm,L5,動作,
若無其事,ruò wú qí shì,as if nothing had happened,L5,動作,
詫異,chà yì,flabbergasted,L5,動作,
面不改色,miàn bù gǎi sè,not bat an eyelid,L5,動作,
花枝招展,huā zhī zhāo zhǎn,lit. lovely scene of blossoming plants swaying in the breeze,L5,外貌,
俗氣,sú qì,tacky,L5,外貌,
入時,rù shí,fashionable,L5,外貌,
合身,hé shēn,well-fitting,L5,外貌,
唇紅齒白,chún gōng chǐ bái,lip red tooth white,L5,外貌,
奇裝異服,qí zhuāng yì fú,bizarre dress,L5,外貌,
整潔,zhěng jié,neatly,L5,外貌,
珠光寶氣,zhū guāng bǎo qì,bedecked with glittering jewels,L5,外貌,
筆挺,bǐ tǐng,very straight,L5,外貌,
華麗,huá lì,gorgeous,L5,外貌,
衣着,yī zhuó,clothes,L5,外貌,
衣衫襤褸,yī shān lán lǚ,clothing ragged,L5,外貌,
雍容華貴,yōng róng huá guì,natural sumptuous,L5,外貌,
愁眉深鎖,chóu méi shēn suǒ,worry about eyebrow locked up,L5,外貌,
杏兒眼,xìng ér yǎn,apricot child eye,L5,外貌,
深邃,shēn suì,deep,L5,外貌,
獅子鼻,shī zi bí,leo nose,L5,外貌,
目光銳利,mù guāng ruì lì,gaze sharp,L5,外貌,
眼簾,yǎn lián,eyes,L5,外貌,
高鼻梁,gāo bí liáng,high bridge of the nose,L5,外貌,
鷹鼻,yīng bí,eagle nose,L5,外貌,
食水,shí shuǐ,drinking water,L5,環境保護,
一日千里,yī rì qiān lǐ,lit. one day,L5,科技知識,
依據,yī jù,according to,L5,科技知識,
呈現,chéng xiàn,to appear,L5,科技知識,
實驗,shí yàn,experiment,L5,科技知識,
幅射,fú shè,radiation,L5,科技知識,
抽絲剝繭,chōu sī bō jiǎn,lit. to unwind the silk thread from the cocoon,L5,科技知識,
探尋,tàn xún,to search,L5,科技知識,
探求,tàn qiú,to seek,L5,科技知識,
改造,gǎi zào,to transform,L5,科技知識,
溶解,róng jiě,to dissolve,L5,科技知識,
熒幕,yíng mù,tV screen,L5,科技知識,
猛進,měng jìn,to advance boldly,L5,科技知識,
發揚,fā yáng,to develop,L5,科技知識,
相輔相成,xiāng fǔ xiāng chéng,to complement one another,L5,科技知識,
神通廣大,shén tōng guǎng dà,to possess great magical power,L5,科技知識,
突飛,tū fēi,dash fly,L5,科技知識,
落伍,luò wǔ,to fall behind the ranks,L5,科技知識,
計劃,jì huà,plan,L5,科技知識,
輸入,shū rù,to import,L5,科技知識,
鍵盤,jiàn pán,keyboard,L5,科技知識,
電纜,diàn lǎn,cable,L5,科技知識,
面世,miàn shì,to be published,L5,科技知識,
預報,yù bào,forecast,L5,科技知識,
預示,yù shì,to indicate,L5,科技知識,
上當,shàng dàng,taken in,L5,人生哲理,
妒忌,dù jì,to be jealous of,L5,人生哲理,
忠言逆耳,zhōng yán nì ěr,loyal advice jars on the ears,L5,人生哲理,
欺負,qī fu,to bully,L5,人生哲理,
荒唐,huāng táng,beyond belief,L5,人生哲理,
荒廢,huāng fèi,to abandon,L5,人生哲理,
虛度人生,xū dù rén shēng,fritter away life,L5,人生哲理,
逆水行舟,nì shuǐ xíng zhōu,lit. navigating a boat against the current,L5,人生哲理,
過分,guò fèn,excessive,L5,人生哲理,
一心一意,yī xīn yī yì,concentrating one's thoughts and efforts,L5,人生哲理,
一笑置之,yī xiào zhì zhī,to dismiss with a laugh,L5,人生哲理,
不插話,bù chā huà,no interrupt,L5,人生哲理,
井然,jǐng rán,tidy,L5,人生哲理,
付出,fù chū,to pay,L5,人生哲理,
信念,xìn niàn,faith,L5,人生哲理,
修心養性,xiū xīn yǎng xìng,to cultivate the heart and nurture the character,L5,人生哲理,
充分,chōng fèn,ample,L5,人生哲理,
努力,nǔ lì,to make an effort,L5,人生哲理,
和睦,hé mù,peaceful relations,L5,人生哲理,
團結一致,tuán jié yí zhì,united as one,L5,人生哲理,
坦白,tǎn bái,honest,L5,人生哲理,
坦誠,tǎn chéng,candid,L5,人生哲理,
學習,xué xí,to learn,L5,人生哲理,
守時,shǒu shí,punctual,L5,人生哲理,
守秩序,shǒu zhì xù,guard order,L5,人生哲理,
審時度勢,shěn shí duó shì,to judge the hour and size up the situation,L5,人生哲理,
履行,lǚ xíng,to fulfill,L5,人生哲理,
工作,gōng zuò,to work,L5,人生哲理,
忍受,rěn shòu,to bear,L5,人生哲理,
恆心,héng xīn,perseverance,L5,人生哲理,
惜時,xī shí,cherish o'clock,L5,人生哲理,
意志,yì zhì,will,L5,人生哲理,
拋開,pāo kāi,to throw out,L5,人生哲理,
持之以恆,chí zhī yǐ héng,to pursue unremittingly,L5,人生哲理,
接受,jiē shòu,to accept,L5,人生哲理,
旁觀者清,páng guān zhě qīng,an outsider can see things more clearly or objectively than those involved,L5,人生哲理,
檢點,jiǎn diǎn,to examine,L5,人生哲理,
深思熟慮,shēn sī shú lǜ,mature reflection,L5,人生哲理,
清理,qīng lǐ,to clear up,L5,人生哲理,
準時,zhǔn shí,on time,L5,人生哲理,
熱愛,rè ài,to love ardently,L5,人生哲理,
理想,lǐ xiǎng,an ideal,L5,人生哲理,
發言,fā yán,to make a speech,L5,人生哲理,
百折不回,bǎi zhé bù huí,never give up despite setbacks,L5,人生哲理,
積累,jī lěi,to accumulate,L5,人生哲理,
竭盡全力,jié jìn quán lì,to spare no effort,L5,人生哲理,
經驗,jīng yàn,experience,L5,人生哲理,
腳踏實地,jiǎo tà shí dì,to have one's feet firmly planted on the ground,L5,人生哲理,
自制,zì zhì,to maintain self-control,L5,人生哲理,
艱苦,jiān kǔ,difficult,L5,人生哲理,
要學會的道理,yāo xué huì de dào li,demand learn of reason,L5,人生哲理,
謙厚,qiān hòu,modest thick,L5,人生哲理,
講究,jiǎng jiu,to pay particular attention to,L5,人生哲理,
謹慎,jǐn shèn,cautious,L5,人生哲理,
變通,biàn tōng,pragmatic,L5,人生哲理,
輪流,lún liú,to alternate,L5,人生哲理,
量入為出,liàng rù wéi chū,to assess one's income and spend accordingly,L5,人生哲理,
隨心所欲,suí xīn suǒ yù,to follow one's heart's desires,L5,人生哲理,
默,mò,silent,L5,人生哲理,
丘壑,qiū hè,hills and valleys,L5,地點景物,
丘陵,qiū líng,hills,L5,地點景物,
乘風破浪,chéng fēng pò làng,to brave the wind and the billows,L5,地點景物,
五花八門,wǔ huā bā mén,myriad,L5,地點景物,
人山人海,rén shān rén hǎi,multitude,L5,地點景物,
價廉物美,jià lián wù měi,inexpensive and of good quality,L5,地點景物,
兼容並包,jiān róng bìng bāo,to include and monopolize many things,L5,地點景物,
包容,bāo róng,to pardon,L5,地點景物,
古舊,gǔ jiù,archaic,L5,地點景物,
古跡,gǔ jì,ancient footprint,L5,地點景物,
同舟共濟,tóng zhōu gòng jì,cross a river in the same boat,L5,地點景物,
和諧,hé xié,harmonious,L5,地點景物,
喧鬧,xuān nào,to make a noise,L5,地點景物,
嘩嘩,huā huā,sound of gurgling water,L5,地點景物,
壯觀,zhuàng guān,spectacular,L5,地點景物,
多不勝數,duō bù shèng shǔ,many cannot bear or stand count,L5,地點景物,
多變,duō biàn,fickle,L5,地點景物,
大眾化,dà zhòng huà,mass-oriented,L5,地點景物,
奔騰,bēn téng,pentium,L5,地點景物,
富裕,fù yù,prosperous,L5,地點景物,
展陳,zhǎn chén,to exhibit,L5,地點景物,
山,shān,mountain,L5,地點景物,
山丘,shān qiū,hill,L5,地點景物,
山坡,shān pō,hillside,L5,地點景物,
山崖,shān yá,cliff,L5,地點景物,
山脈,shān mài,mountain range,L5,地點景物,
山脊,shān jǐ,mountain ridge,L5,地點景物,
山谷,shān gǔ,valley,L5,地點景物,
山路崎嶇,shān lù qí qū,mountain road rugged,L5,地點景物,
峰巒,fēng luán,peaks and ridges,L5,地點景物,
峰巒起伏,fēng luán qǐ fú,peaks and ridges move up and down,L5,地點景物,
峻峭,jùn qiào,high and steep,L5,地點景物,
峻拔,jùn bá,high pull up,L5,地點景物,
崇山峻嶺,chóng shān jùn lǐng,towering mountains and precipitous ridges,L5,地點景物,
崩裂,bēng liè,to rupture,L5,地點景物,
嵯峨,cuó é,lofty,L5,地點景物,
巍峨,wēi é,lofty,L5,地點景物,
平民化,píng mín huā,ordinary people make into,L5,地點景物,
形態萬千,xíng tài wàn qiān,shape myriad,L5,地點景物,
成千上萬,chéng qiān shàng wàn,lit. by the thousands and tens of thousands,L5,地點景物,
拔地而起,bá dì ér qǐ,rise steeply from level ground and rise,L5,地點景物,
摩肩接踵,mó jiān jiē zhǒng,lit. rubbing shoulders and following in each other's footsteps,L5,地點景物,
斜坡,xié pō,slope,L5,地點景物,
構造,gòu zào,structure,L5,地點景物,
殘舊,cán jiù,destroy old,L5,地點景物,
水,shuǐ,water,L5,地點景物,
水平如鏡,shuǐ píng rú jìng,level as mirror,L5,地點景物,
水泄不通,shuǐ xiè bù tōng,lit. not one drop can trickle through,L5,地點景物,
洶湧,xiōng yǒng,to surge up violently,L5,地點景物,
淙淙,cóng cóng,noise of water,L5,地點景物,
滔滔,tāo tāo,torrential,L5,地點景物,
滾滾,gǔn gǔn,nickname for a panda,L5,地點景物,
澎湃,péng pài,surging,L5,地點景物,
煩囂,fán xiāo,feel vexed clamor,L5,地點景物,
環繞,huán rào,to surround,L5,地點景物,
矗立,chù lì,to tower,L5,地點景物,
破舊,pò jiù,shabby,L5,地點景物,
碧波萬頃,bì bō wàn qǐng,green jade poland large landholding,L5,地點景物,
萬人空巷,wàn rén kōng xiàng,the multitudes come out from everywhere,L5,地點景物,
結構,jié gòu,structure,L5,地點景物,
綿延,mián yán,to be continuous,L5,地點景物,
繁忙,fán máng,busy,L5,地點景物,
群山環抱,qún shān huán bào,mountains encircle,L5,地點景物,
聳立,sǒng lì,to stand tall,L5,地點景物,
艱辛,jiān xīn,hardships,L5,地點景物,
荒山野嶺,huāng shān yě lǐng,wild,L5,地點景物,
落後,luò hòu,to fall behind,L5,地點景物,
蘊藏,yùn cáng,to hold in store,L5,地點景物,
蜿蜒,wān yán,to wriggle along,L5,地點景物,
融合,róng hé,a mixture,L5,地點景物,
覆蓋,fù gài,to cover,L5,地點景物,
豎立,shù lì,to erect,L5,地點景物,
起伏,qǐ fú,to move up and down,L5,地點景物,
車水馬龍,chē shuǐ mǎ lóng,endless stream of horse and carriages,L5,地點景物,
險峰,xiǎn fēng,perilous peak,L5,地點景物,
靜寂,jìng jì,quiet,L5,地點景物,
鬧市,nào shì,downtown area,L5,地點景物,
侵蝕,qīn shí,to erode,L5,天文氣象,
亮滾滾,liàng gǔn gǔn,bright nickname for a panda,L5,天文氣象,
佈滿,bù mǎn,announce manchu ethnic group,L5,天文氣象,
冰雹,bīng báo,hail,L5,天文氣象,
冷雨,lěng yǔ,cold rain,L5,天文氣象,
劃破長空,huá pò cháng kōng,cut open the vast sky,L5,天文氣象,
北極光,běi jí guāng,northern lights,L5,天文氣象,
厄爾尼諾現象,è ěr ní nuò xiàn xiàng,el Niño effect,L5,天文氣象,
厚密飄浮,hòu mì piāo fú,thick name of an ancient state float,L5,天文氣象,
叮咚,dīng dōng,ding dong,L5,天文氣象,
叮噹,dīng dāng,ding dong,L5,天文氣象,
咚隆,dōng lōng,boom sound of drums,L5,天文氣象,
嘩啦,huā lā,sound of a crash,L5,天文氣象,
噼啪,pī pā,crackling sound,L5,天文氣象,
地震,dì zhèn,earthquake,L5,天文氣象,
垂瀉而下,chuí xiè ér xià,hang flow out swiftly and down,L5,天文氣象,
姿態萬千,zī tài wàn qiān,attitude myriad,L5,天文氣象,
密霧濃雲,mì wù nóng yún,name of an ancient state fog concentrated cloud,L5,天文氣象,
彩雲,cǎi yún,rosy clouds,L5,天文氣象,
彩霞滿天,cǎi xiá mǎn tiān,clouds tinged with sunset hues whole sky,L5,天文氣象,
急雨,jí yǔ,urgent rain,L5,天文氣象,
悶雷,mèn léi,muffled thunder,L5,天文氣象,
或聚或散,huò jù huò sàn,maybe assemble scattered,L5,天文氣象,
拉尼娜現象,Lā Ní nà xiàn xiàng,phenomenon,L5,天文氣象,
斜斜,xié xié,inclined,L5,天文氣象,
旱雷,hàn léi,drought thunder,L5,天文氣象,
朝霞似錦,cháo xiá shì jǐn,imperial or royal court rose-tinted sky or clouds at sunrise or sunset seem brocade,L5,天文氣象,
水淋淋,shuǐ lín lín,dripping wet,L5,天文氣象,
沙啦,shā lā,granule sound of singing,L5,天文氣象,
泛濫,fàn làn,to be in flood,L5,天文氣象,
洪水,hóng shuǐ,deluge,L5,天文氣象,
流星雨,liú xīng yǔ,meteor shower,L5,天文氣象,
浮雲,fú yún,floating clouds,L5,天文氣象,
海嘯,hǎi xiào,tsunami,L5,天文氣象,
消散,xiāo sàn,to dissipate,L5,天文氣象,
淅沙,xī shā,sound of rain granule,L5,天文氣象,
淅瀝,xī lì,patter of rain,L5,天文氣象,
滂沱大雨,pāng tuó dà yǔ,torrents of rain,L5,天文氣象,
潮汐,cháo xī,tide,L5,天文氣象,
瀰漫,mí màn,fill the air,L5,天文氣象,
火燒雲,huǒ shāo yún,nuée ardente,L5,天文氣象,
煙霧,yān wù,smoke,L5,天文氣象,
煙霧迷茫,yān wù mí máng,smoke vast and indistinct,L5,天文氣象,
牛毛細雨,niú máo xì yǔ,ox hair fine rain,L5,天文氣象,
瞬息萬變,shùn xī wàn biàn,in an instant a myriad changes,L5,天文氣象,
萬里無雲,wàn lǐ wú yún,cloudless,L5,天文氣象,
細雨,xì yǔ,fine rain,L5,天文氣象,
結合,jié hé,to combine,L5,天文氣象,
絲絲縷縷,sī sī lǚ lǚ,silk silk thread strand,L5,天文氣象,
繚繞,liáo rào,to curl upward,L5,天文氣象,
茫茫,máng máng,boundless,L5,天文氣象,
薄雲,báo yún,thin cloud,L5,天文氣象,
變化無常,biàn huà wú cháng,changeable,L5,天文氣象,
變幻,biàn huàn,to change irregularly,L5,天文氣象,
轟隆,hōng lōng,rumbling,L5,天文氣象,
迅雷,xùn léi,thunderbolt,L5,天文氣象,
降雪,jiàng xuě,to snow,L5,天文氣象,
陣雨,zhèn yǔ,shower,L5,天文氣象,
陰森,yīn sēn,gloomy,L5,天文氣象,
隆隆,lóng lóng,rumble,L5,天文氣象,
雨紛紛,yǔ fēn fēn,rain one after another,L5,天文氣象,
雲散天開,yún sàn tiān kāi,cloud scattered day open,L5,天文氣象,
雲淡天高,yún dàn tiān gāo,cloud insipid day high,L5,天文氣象,
雲輕如棉,yún qīng rú mián,cloud light as generic term for cotton or kapok,L5,天文氣象,
雲霞,yún xiá,cloud rose-tinted sky or clouds at sunrise or sunset,L5,天文氣象,
雲霧,yún wù,clouds and mist,L5,天文氣象,
雷大雨小,léi dà yǔ xiǎo,lit. much thunder but little rain,L5,天文氣象,
雷雨,léi yǔ,thunderstorm,L5,天文氣象,
雷電交加,léi diàn jiāo jiā,thunder and lightning occur at the same time,L5,天文氣象,
電光火石,diàn guāng huǒ shí,electric light flint,L5,天文氣象,
霧,wù,fog,L5,天文氣象,
霹靂,pī lì,perak,L5,天文氣象,
風化,fēng huà,decency,L5,天文氣象,
飄灑,piāo sǎ,suave,L5,天文氣象,
驟雨,zhòu yǔ,shower,L5,天文氣象,
光禿禿,guāng tū tū,bald,L5,四季,
凜冽,lǐn liè,biting cold,L5,四季,
刺骨,cì gǔ,piercing,L5,四季,
大汗淋漓,dà hàn lín lí,dripping with sweat,L5,四季,
宜人,yí rén,nice,L5,四季,
寒風刺風,hán fēng cī fēng,cold wind whoosh,L5,四季,
復蘇,fù sū,to recover,L5,四季,
怡人,yí rén,delightful,L5,四季,
揮汗成雨,huī hàn chéng yǔ,to drip with sweat,L5,四季,
春色,chūn sè,colors of spring,L5,四季,
暑氣迫人,shǔ qì pò rén,heat persecute person,L5,四季,
毛蟲,máo chóng,caterpillar,L5,四季,
汗出如漿,hán chū rú jiāng,perspiration go out as thick liquid,L5,四季,
汗流如注,hán liú rú zhù,perspiration flow as inject,L5,四季,
汗流浹背,hàn liú jiā bèi,to sweat profusely,L5,四季,
熱騰騰,rè téng téng,steaming hot,L5,四季,
熾烈,chì liè,burning fiercely,L5,四季,
萬象更新,wàn xiàng gēng xīn,nature takes on a new look,L5,四季,
蕭條,xiāo tiáo,bleak,L5,四季,
蕭瑟,xiāo sè,to rustle in the air,L5,四季,
獨特,dú tè,unique,L5,物品,
別具匠心,bié jù jiàng xīn,to show ingenuity,L5,物品,
別出心裁,bié chū xīn cái,to hit on sth new,L5,物品,
小巧玲瓏,xiǎo qiǎo líng lóng,dainty and delicate,L5,物品,
惟妙惟肖,wéi miào wéi xiào,to imitate to perfection,L5,物品,
按鈕,àn niǔ,push button,L5,物品,
晶瑩剔透,jīng yíng tī tòu,sparkling and translucent pure and limpid,L5,物品,
稀奇古怪,xī qí gǔ guài,crazy,L5,物品,
粗製濫造,cū zhì làn zào,to churn out large quantities without regard for quality,L5,物品,
繁密,fán mì,numerous and close together,L5,物品,
繁雜,fán zá,many,L5,物品,
屹立,yì lì,to tower,L5,植物,
綠樹成蔭,lǜ shù chéng yīn,to have trees with shade-giving foliage,L5,植物,
俯仰生姿,fǔ yǎng shēng zī,lowering and raising of the head be born beauty,L5,植物,
凋萎,diāo wěi,withered wither,L5,植物,
凋謝,diāo xiè,to wither,L5,植物,
凋零,diāo líng,withered,L5,植物,
勁草,jìng cǎo,tough upright grass,L5,植物,
古木參天,gǔ mù cān tiān,ancient tree reach up the sky,L5,植物,
吐芽,tǔ yá,spit bud,L5,植物,
吐蕊,tǔ ruǐ,spit stamen,L5,植物,
含苞待放,hán bāo dài fàng,in bud,L5,植物,
喬木,qiáo mù,tree,L5,植物,
姹紫嫣紅,chà zǐ yān hóng,beautiful purple bright red,L5,植物,
嫩草,nèn cǎo,young and tender grass,L5,植物,
巍然,wēi rán,majestic,L5,植物,
年輪,nián lún,annual ring,L5,植物,
怒放,nù fàng,in full bloom,L5,植物,
抽條,chōu tiáo,draw out strip,L5,植物,
挺拔,tǐng bá,tall and straight,L5,植物,
搖曳,yáo yè,to sway gently,L5,植物,
春草,chūn cǎo,old grass,L5,植物,
枝葉相連,zhī yè xiāng lián,branch and leaf link,L5,植物,
枝葉茂盛,zhī yè mào shèng,branch and leaf lush,L5,植物,
枯草,kū cǎo,withered grass,L5,植物,
樹冠,shù guān,treetop,L5,植物,
樹叢,shù cóng,thicket,L5,植物,
樹梢,shù shāo,the tip of a tree,L5,植物,
淡,dàn,insipid,L5,植物,
清香,qīng xiāng,sweet scent,L5,植物,
清麗,qīng lì,graceful,L5,植物,
濃,nóng,concentrated,L5,植物,
灌木,guàn mù,bush,L5,植物,
爭妍鬥麗,zhēng yán dòu lì,strive for beautiful fight korea,L5,植物,
瑰麗,guī lì,elegant,L5,植物,
異香撲鼻,yì xiāng pū bí,exotic odors assail the nostrils,L5,植物,
盤曲,pán qū,coiled,L5,植物,
碧草,bì cǎo,green jade grass,L5,植物,
競相開放,jìng xiāng kāi fàng,competitive bloom,L5,植物,
素雅,sù yǎ,simple yet elegant,L5,植物,
綠瑩瑩,lǜ yīng yīng,green and lush,L5,植物,
綠草如茵,lǜ cǎo rú yīn,green grass like cushion,L5,植物,
綻開,zhàn kāi,to burst forth,L5,植物,
繁茂,fán mào,lush,L5,植物,
芬芳,fēn fāng,perfume,L5,植物,
花團錦簇,huā tuán jǐn cù,brightly colored decorations,L5,植物,
花香醉人,huā xiāng zuì rén,fragrance of flowers intoxicating,L5,植物,
芳草,fāng cǎo,fragrant grass,L5,植物,
芳香濃郁,fāng xiāng nóng yù,fragrant rich,L5,植物,
茁壯,zhuó zhuàng,healthy and strong,L5,植物,
茵茵,yīn yīn,mattress,L5,植物,
蒼勁,cāng jìng,old and strong,L5,植物,
蒼翠,cāng cuì,verdant,L5,植物,
蓬勃,péng bó,vigorous,L5,植物,
蔓延,màn yán,to extend,L5,植物,
野草,yě cǎo,weeds,L5,植物,
怨天尤人,yuàn tiān yóu rén,to blame the gods and accuse others,L5,動物,
輕盈,qīng yíng,graceful,L5,動物,
兇殘成性,xiōng cán chéng xìng,savage become second nature,L5,動物,
卧,wò,to lie,L5,動物,
叼,diāo,to hold with one's mouth,L5,動物,
大搖大擺,dà yáo dà bǎi,to strut,L5,動物,
奔跑,bēn pǎo,to run,L5,動物,
威猛,wēi měng,bold and powerful,L5,動物,
展翅,zhǎn chì,to spread wings,L5,動物,
引項高歌,yǐn xiàng gāo gē,draw back of neck sing loudly,L5,動物,
引頸長鳴,yǐn jǐng cháng míng,crane one's neck length cry,L5,動物,
張牙舞爪,zhāng yá wǔ zhǎo,to bare fangs and brandish claws,L5,動物,
忠實,zhōng shí,faithful,L5,動物,
忠誠,zhōng chéng,devoted,L5,動物,
懶洋洋,lǎn yāng yāng,lazily,L5,動物,
扇動,shān dòng,to fan,L5,動物,
打滾,dǎ gǔn,to roll about,L5,動物,
振翅高飛,zhèn chì gāo fēi,shake wing goofy,L5,動物,
搖頭擺尾,yáo tóu bǎi wěi,to nod one's head and wag one's tail,L5,動物,
摧毀,cuī huǐ,to destroy,L5,動物,
機靈,jī ling,clever,L5,動物,
溫馴,wēn xùn,docile,L5,動物,
膽怯,dǎn qiè,timidity,L5,動物,
蹲,dūn,to crouch,L5,動物,
迎風飛舞,yíng fēng fēi wǔ,in the wind flutter,L5,動物,
閃動,shǎn dòng,to flicker or flash,L5,動物,
靈敏,líng mǐn,smart,L5,動物,
頭,tóu,head,L5,動物,
飛奔,fēi bēn,to dash,L5,動物,
飛撲,fēi pū,fly throw oneself at,L5,動物,
騰空躍起,téng kōng yuè qǐ,soar jump rise,L5,動物,
輕重不分,qīng zhòng bù fēn,severity not distinguish,L5,性格,
不屈不撓,bù qū bù náo,unyielding,L5,性格,
才智過人,cái zhì guò rén,ability and wisdom surpass others,L5,性格,
神機妙算,shén jī miào suàn,divine strategy and wonderful planning,L5,性格,
伶俐,líng lì,clever,L5,性格,
仗義輕財,zhàng yì qīng cái,uphold justice light money,L5,性格,
堅定不移,jiān dìng bù yí,unswerving,L5,性格,
堅忍不拔,jiān rěn bù bá,fortitude,L5,性格,
多才多藝,duō cái duō yì,multitalented,L5,性格,
奮不顧身,fèn bù gù shēn,to dash on bravely with no thought of personal safety,L5,性格,
尋根究柢,xún gēn jiū dǐ,search investigate thoroughly foundation,L5,性格,
彬彬有禮,bīn bīn yǒu lǐ,refined and courteous,L5,性格,
悲天憫人,bēi tiān mǐn rén,to bemoan the state of the universe and pity the fate of mankind,L5,性格,
慢條斯理,màn tiáo sī lǐ,unhurried,L5,性格,
捨己為人,shě jǐ wèi rén,to abandon self for others,L5,性格,
擇善固執,zé shàn gù zhí,to choose what is good and hold fast to it,L5,性格,
有恃無恐,yǒu shì wú kǒng,secure in the knowledge that one has backing,L5,性格,
橫衝直撞,héng chōng zhí zhuàng,to barge through,L5,性格,
為虎作倀,wèi hǔ - zuò chāng,to act as accomplice to the tiger,L5,性格,
發憤圖強,fā fèn tú qiáng,to be strongly determined to succeed,L5,性格,
目光遠大,mù guāng yuǎn dà,gaze far-reaching,L5,性格,
粗心大意,cū xīn dà yì,negligent,L5,性格,
自強不息,zì qiáng bù xī,to strive unremittingly,L5,性格,
處變不驚,chǔ biàn bù jīng,to remain calm in the face of events,L5,性格,
馬馬虎虎,mǎ ma hū hū,careless,L5,性格,
若有所失,ruò yǒu suǒ shī,as if one had lost something,L4,心理,
鬱悶,yù mèn,gloomy,L4,心理,
憤憤不平,fèn fèn bù píng,to feel indignant,L4,心理,
怒吼,nù hǒu,to bellow,L4,心理,
傷感,shāng gǎn,sad,L4,心理,
哀悼,āi dào,to grieve over sb's death,L4,心理,
哀愁,āi chóu,sorrow,L4,心理,
多愁善感,duō chóu shàn gǎn,melancholy and moody,L4,心理,
心醉神迷,xīn zuì shén mí,ecstatic,L4,心理,
怒不可遏,nù bù kě è,unable to restrain one's anger,L4,心理,
怒氣衝天,nù qì chōng tiān,anger thoroughfare day,L4,心理,
怒沖沖,nù chōng chōng,furiously,L4,心理,
怒火中燒,nù huǒ zhōng shāo,rage china burn,L4,心理,
怒髮衝冠,nù fà chōng guān,lit. hair stands up in anger and tips off one's hat,L4,心理,
恨,hèn,to hate,L4,心理,
恨之入骨,hèn zhī rù gǔ,to hate sb to the bone,L4,心理,
惆悵,chóu chàng,melancholy,L4,心理,
惱羞成怒,nǎo xiū chéng nù,to fly into a rage out of humiliation,L4,心理,
憂愁,yōu chóu,to be worried,L4,心理,
憤恨,fèn hèn,to hate,L4,心理,
欣喜若狂,xīn xǐ ruò kuáng,to be wild with joy,L4,心理,
欣欣然,xīn xīn rán,happy gladly,L4,心理,
歎,tàn,sigh,L4,心理,
沒精打彩,méi jīng dǎ cǎi,listless,L4,心理,
沾沾自喜,zhān zhān zì xǐ,immeasurably self-satisfied,L4,心理,
泣不成聲,qì bù chéng shēng,sob won't do sound,L4,心理,
津津樂道,jīn jīn lè dào,to discuss sth enthusiastically,L4,心理,
發怒,fā nù,to get angry,L4,心理,
興沖沖,xìng chōng chōng,full of joy and expectations,L4,心理,
賞心悅目,shǎng xīn yuè mù,warms the heart and delights the eye,L4,心理,
逍遙,xiāo yáo,free and unfettered,L4,心理,
徘徊,pái huái,to pace back and forth,L4,動作,
信步,xìn bù,to stroll,L4,動作,
健步如飛,jiàn bù rú fēi,running as fast as flying,L4,動作,
堆,duī,to pile up,L4,動作,
奔馳,bēn chí,benz,L4,動作,
履,lǚ,shoe,L4,動作,
度,dù,to pass,L4,動作,
彈奏,tán zòu,to play,L4,動作,
手忙腳亂,shǒu máng jiǎo luàn,to act with confusion,L4,動作,
拄,zhǔ,to lean on,L4,動作,
拉扯,lā che,to drag,L4,動作,
拋,pāo,to throw,L4,動作,
拔腿就跑,bá tuǐ jiù páo,break into a run in that case paw,L4,動作,
拖拽,tuō yè,to pull,L4,動作,
指手畫腳,zhǐ shǒu huà jiǎo,to gesticulate while talking,L4,動作,
指揮,zhǐ huī,to conduct,L4,動作,
捧,pěng,to hold or offer with both hands,L4,動作,
掀,xiān,to lift,L4,動作,
揚,yáng,to raise,L4,動作,
搔,sāo,to scratch,L4,動作,
摟,lōu,to draw towards oneself,L4,動作,
擒,qín,to capture,L4,動作,
擒拿,qín ná,capture old,L4,動作,
擱,gē,to place,L4,動作,
擲,zhì,to toss,L4,動作,
攪拌,jiǎo bàn,to stir,L4,動作,
散步,sàn bù,to take a walk,L4,動作,
昂首闊步,áng shǒu kuò bù,striding forward with head high,L4,動作,
步履,bù lǚ,gait,L4,動作,
步步為營,bù bù wéi yíng,to advance gradually and entrench oneself at every step,L4,動作,
歸,guī,to return,L4,動作,
溜,liū,to slip away,L4,動作,
漫步,màn bù,to wander,L4,動作,
發抖,fā dǒu,to tremble,L4,動作,
磨拳擦掌,mó quán cā zhǎng,get ready for action,L4,動作,
礙手礙腳,ài shǒu ài jiǎo,to be in the way,L4,動作,
移動,yí dòng,to move,L4,動作,
置,zhì,to install,L4,動作,
舉手投足,jǔ shǒu tóu zú,one's every movement,L4,動作,
衝鋒陷陣,chōng fēng xiàn zhèn,to charge and break through enemy lines,L4,動作,
裹足不前,guǒ zú bù qián,to stand still without advancing,L4,動作,
襲擊,xí jī,attack,L4,動作,
跋山涉水,bá shān shè shuǐ,to travel over land and water,L4,動作,
跨,kuà,to step across,L4,動作,
踱步,duó bù,to pace,L4,動作,
蹦蹦跳跳,bèng bèng tiào tiào,bouncing and vivacious,L4,動作,
躡手躡腳,niè shǒu niè jiǎo,to walk quietly on tiptoe,L4,動作,
追趕,zhuī gǎn,to pursue,L4,動作,
追逐,zhuī zhú,to chase,L4,動作,
逃跑,táo pǎo,to flee from sth,L4,動作,
邁步向前,mài bù xiàng qián,take a step forward,L4,動作,
吶喊,nà hǎn,shout,L4,動作,
口齒伶俐,kǒu chǐ líng lì,eloquent and fluent speaker,L4,動作,
認同,rèn tóng,to approve of,L4,動作,
批評,pī píng,to criticize,L4,動作,
主張,zhǔ zhāng,to advocate,L4,動作,
提議,tí yì,proposal,L4,動作,
表明,biǎo míng,to make clear,L4,動作,
規勸,guī quàn,to advise,L4,動作,
說明,shuō míng,to explain,L4,動作,
附和,fù hè,to agree,L4,動作,
一派胡言,yī pài hú yán,a bunch of nonsense,L4,動作,
一言不發,yī yán bù fā,to not say a word,L4,動作,
不以為然,bù yǐ wéi rán,not to accept as correct,L4,動作,
勸告,quàn gào,to advise,L4,動作,
勸諫,quàn jiàn,to admonish,L4,動作,
口若懸河,kǒu ruò xuán hé,mouth like a torrent,L4,動作,
吆喝,yāo he,to shout,L4,動作,
呼吸,hū xī,to breathe,L4,動作,
咀嚼,jǔ jué,to chew,L4,動作,
咒罵,zhòu mà,to damn,L4,動作,
哀求,āi qiú,to entreat,L4,動作,
哭訴,kū sù,to lament,L4,動作,
嘀咕,dí gu,to mutter,L4,動作,
嘮叨,láo dao,to prattle,L4,動作,
噘起,juē qǐ,pout rise,L4,動作,
垂涎三尺,chuí xián sān chǐ,to drool,L4,動作,
埋怨,mán yuàn,to complain,L4,動作,
大聲,dà shēng,loud voice,L4,動作,
尖聲,jiān shēng,pointed sound,L4,動作,
強詞奪理,qiǎng cí duó lǐ,to twist words and force logic,L4,動作,
怒喝,nù hē,anger drink,L4,動作,
打噴嚏,dǎ pēn tì,to sneeze,L4,動作,
支支吾吾,zhī zhī wú wú,to hem and haw,L4,動作,
斥責,chì zé,to lash out,L4,動作,
柔聲細語,róu shēng xì yǔ,soft sound chat with a low voice,L4,動作,
欲言又止,yù yán yòu zhǐ,to want to say sth but then hesitate,L4,動作,
漫不經心,màn bù jīng xīn,careless,L4,動作,
狼吞虎咽,láng tūn hǔ yàn,to wolf down one's food,L4,動作,
異口同聲,yì kǒu tóng shēng,different mouths,L4,動作,
細嚼慢嚥,xì jiáo màn yàn,to eat slowly,L4,動作,
繪聲繪色,huì shēng huì sè,vivid and colorful,L4,動作,
義正詞嚴,yì zhēng cí yán,italy first month of the lunar year word tight,L4,動作,
聲嘶力歇,shēng sī lì xiē,sound hiss power rest,L4,動作,
苦口婆心,kǔ kǒu pó xīn,earnest and well-meaning advice,L4,動作,
表示,biǎo shì,to express,L4,動作,
表達,biǎo dá,to express,L4,動作,
言簡意賅,yán jiǎn yì gāi,concise and comprehensive,L4,動作,
語無倫次,yǔ wú lún cì,incoherent speech,L4,動作,
語重心長,yǔ zhòng xīn cháng,meaningful and heartfelt words,L4,動作,
談笑自若,tán xiào zì ruò,to talk and laugh as though nothing had happened,L4,動作,
輕聲,qīng shēng,quietly,L4,動作,
默不作聲,mò bù zuò shēng,to keep silent,L4,動作,
齊聲,qí shēng,all speaking together,L4,動作,
大開眼界,dà kāi - yǎn jiè,to broaden one's horizons greatly,L4,動作,
仰望,yǎng wàng,to look up at,L4,動作,
仰視,yǎng shì,to tilt one's head back to see,L4,動作,
俯視,fǔ shì,to overlook,L4,動作,
全神貫注,quán shén guàn zhù,to concentrate one's attention completely,L4,動作,
哭泣,kū qì,to weep,L4,動作,
左顧右盼,zuǒ gù yòu pàn,glancing to left and right,L4,動作,
打聽,dǎ ting,to ask about,L4,動作,
探聽,tàn tīng,to make inquiries,L4,動作,
斜視,xié shì,a squint,L4,動作,
洗耳恭聽,xǐ ěr gōng tīng,to listen with respectful attention,L4,動作,
炯炯有光,jiǒng jiǒng yǒu guāng,bright have light,L4,動作,
眨,zhǎ,to blink,L4,動作,
眯,mí,to blind,L4,動作,
眺,tiào,to gaze into the distance,L4,動作,
眾目睽睽,zhòng mù kuí kuí,in full view of everyone,L4,動作,
瞄,miáo,to take aim,L4,動作,
瞅,chǒu,to look at,L4,動作,
瞥,piē,to shoot a glance,L4,動作,
瞻前顧後,zhān qián gù hòu,lit. to look forward and back,L4,動作,
視察,shì chá,to inspect,L4,動作,
窺,kuī,to peep,L4,動作,
窺看,kuī kàn,peep look after,L4,動作,
細聽,xì tīng,to listen carefully,L4,動作,
耳聞目睹,ěr wén mù dǔ,to witness personally,L4,動作,
聽聞,tīng wén,to listen,L4,動作,
觀看,guān kàn,to watch,L4,動作,
遙望,yáo wàng,to look into the distance,L4,動作,
震耳欲聾,zhèn ěr yù lóng,ear-splitting,L4,動作,
靜聽,jìng tīng,still listen to,L4,動作,
鳥瞰,niǎo kàn,to get a bird's-eye view,L4,動作,
俊秀,jùn xiù,well-favored,L4,外貌,
凌亂,líng luàn,messy,L4,外貌,
小辮子,xiǎo biàn zi,pigtail,L4,外貌,
憔悴,qiáo cuì,wan and sallow,L4,外貌,
斑白,bān bái,grizzled,L4,外貌,
暈紅,yūn gōng,confused red,L4,外貌,
油亮,yóu liàng,glossy,L4,外貌,
猙獰,zhēng níng,malevolent,L4,外貌,
白髮童顏,bái fà tóng yán,white or gray hair child color,L4,外貌,
相貌堂堂,xiàng mào táng táng,appearance grand,L4,外貌,
禿頂,tū dǐng,bald head,L4,外貌,
稚氣,zhì qì,childish nature,L4,外貌,
花白,huā bái,grizzled,L4,外貌,
英俊,yīng jùn,handsome,L4,外貌,
蓬頭垢面,péng tóu gòu miàn,messy hair and dirty face,L4,外貌,
面如土色,miàn rú tǔ sè,ashen-faced,L4,外貌,
馬臉,mǎ liǎn,horse face,L4,外貌,
齊耳短髮,qí ěr duǎn fà,neat ear short hair,L4,外貌,
黝黑,yǒu hēi,dark,L4,外貌,
胖嘟嘟,pàng dū dū,plump,L4,外貌,
乾裂,gān liè,to crack,L4,外貌,
亭亭玉立,tíng tíng yù lì,slender and elegant,L4,外貌,
修長,xiū cháng,slender,L4,外貌,
健壯,jiàn zhuàng,robust,L4,外貌,
勻稱,yún chèn,well proportioned,L4,外貌,
厚實,hòu shi,thick,L4,外貌,
厚繭,hòu jiǎn,thick cocoon,L4,外貌,
古銅色,gǔ tóng sè,bronze color,L4,外貌,
弱不禁風,ruò bù jīn fēng,too weak to stand up to the wind,L4,外貌,
手腳,shǒu jiǎo,hand and foot,L4,外貌,
枯瘦,kū shòu,withered thin,L4,外貌,
柔嫩,róu nèn,tender,L4,外貌,
滾圓,gǔn yuán,as round as a ball,L4,外貌,
瘦骨嶙峋,shòu gǔ lín xún,skinny,L4,外貌,
白淨,bái jìng,fair and clear,L4,外貌,
白皙,bái xī,fair and clear,L4,外貌,
皺巴巴,zhòu bā bā,wrinkled,L4,外貌,
矮個兒,ǎi gè r,a person of short stature,L4,外貌,
矮墩墩,ǎi dūn dūn,pudgy,L4,外貌,
粗壯有力,cū zhuàng yǒu lì,thick and solid powerful,L4,外貌,
結實,jiē shí,to bear fruit,L4,外貌,
纖細,xiān xì,fine,L4,外貌,
纖纖玉手,xiān xiān yù shǒu,slim lily-white hands,L4,外貌,
老態龍鍾,lǎo tài lóng zhōng,doddering,L4,外貌,
豐盈,fēng yíng,well-rounded,L4,外貌,
青筋凸起,qīng jīn tū qǐ,veins convex,L4,外貌,
骨瘦如柴,gǔ shòu rú chái,as thin as a match,L4,外貌,
高個兒,gāo gè r,high size,L4,外貌,
高頭大馬,gāo tou Dà mǎ,higher authority malaysia,L4,外貌,
魁梧,kuí wú,tall and sturdy,L4,外貌,
樹木,shù mù,tree,L4,環境保護,
亂砍,luàn kǎn,in confusion or disorder chop,L4,環境保護,
光污染,guāng wū rǎn,light pollute,L4,環境保護,
全球暖化,quán qiú nuǎn huà,global warming,L4,環境保護,
冰川融化,bīng chuān róng huà,glacier melt,L4,環境保護,
工業發展,gōng yè fā zhǎn,industry development,L4,環境保護,
廢物污染,fèi wù wū rǎn,rubbish pollute,L4,環境保護,
森林消失,sēn lín xiāo shī,forest disappear,L4,環境保護,
森林銳減,sēn lín ruì jiǎn,forest steep decline,L4,環境保護,
極端天氣,jí duān tiān qì,extreme weather,L4,環境保護,
水質污染,shuǐ zhì wū rǎn,water pollution,L4,環境保護,
泥石流,ní shí liú,landslide,L4,環境保護,
活動造成,huó dòng zào chéng,exercise bring about,L4,環境保護,
浪費資源,làng fèi zī yuán,waste natural resource,L4,環境保護,
海洋酸化,hǎi yáng suān huā,ocean sour make into,L4,環境保護,
濫伐,làn fá,to denude,L4,環境保護,
物種滅絕,wù zhǒng miè jué,species become extinct,L4,環境保護,
物種瀕危,wù zhǒng bīn wēi,species endangered,L4,環境保護,
珊瑚白化,shān hú bái huā,coral white make into,L4,環境保護,
發動戰爭,fā dòng zhàn zhēng,start war,L4,環境保護,
發展核能,fā zhǎn hé néng,development nuclear energy,L4,環境保護,
的環境問,de huán jìng wèn,environmental issue,L4,環境保護,
碳排放,tàn pái fàng,carbon emissions,L4,環境保護,
空氣污染,kōng qì wū rǎn,air pollution,L4,環境保護,
肆意砍伐,sì yì kǎn fá,wantonly hew,L4,環境保護,
臭氧層耗損,chòu yǎng céng hào sǔn,ozone layer waste,L4,環境保護,
製造垃圾,zhì zào lā jī,manufacture trash,L4,環境保護,
資源枯竭,zī yuán kū jié,natural resource used up,L4,環境保護,
近年人類,jìn nián rén lèi,recent year humanity,L4,環境保護,
過度放牧,guò dù fàng mù,excessive graze,L4,環境保護,
過度獵殺動物,guò dù liè shā dòng wù,excessive kill animal,L4,環境保護,
過度耕作,guò dù gēng zuò,excessive farming,L4,環境保護,
過度開採,guò dù kāi cǎi,excessive extract,L4,環境保護,
都市發展,dū shì fā zhǎn,city development,L4,環境保護,
題,tí,topic,L4,環境保護,
肅然起敬,sù rán qǐ jìng,to feel deep veneration for sb,L4,人生哲理,
虛度,xū dù,to fritter away,L4,人生哲理,
培養,péi yǎng,to cultivate,L4,人生哲理,
啟發,qǐ fā,to enlighten,L4,人生哲理,
盲目,máng mù,blind,L4,人生哲理,
自暴自棄,zì bào zì qì,to abandon oneself to despair,L4,人生哲理,
承諾,chéng nuò,to promise,L4,人生哲理,
博大精深,bó dà jīng shēn,wide-ranging and profound,L4,人生哲理,
了解,liǎo jiě,to understand,L4,人生哲理,
准許,zhǔn xǔ,to allow,L4,人生哲理,
勉勵,miǎn lì,to encourage,L4,人生哲理,
反對,fǎn duì,to oppose,L4,人生哲理,
反映,fǎn yìng,to mirror,L4,人生哲理,
可悲,kě bēi,lamentable,L4,人生哲理,
含義,hán yì,meaning,L4,人生哲理,
告誡,gào jiè,to warn,L4,人生哲理,
屈服,qū fú,to surrender,L4,人生哲理,
建議,jiàn yì,to propose,L4,人生哲理,
引發,yǐn fā,to lead to,L4,人生哲理,
恍然大悟,huǎng rán dà wù,to suddenly realize,L4,人生哲理,
懷疑,huái yí,to doubt,L4,人生哲理,
捨棄,shě qì,to give up,L4,人生哲理,
接納,jiē nà,to admit,L4,人生哲理,
提出,tí chū,to raise,L4,人生哲理,
明確,míng què,clear-cut,L4,人生哲理,
發現,fā xiàn,to notice,L4,人生哲理,
真理,zhēn lǐ,truth,L4,人生哲理,
良機,liáng jī,a good chance,L4,人生哲理,
規矩,guī ju,lit. compass and set square,L4,人生哲理,
覺察,jué chá,to sense,L4,人生哲理,
觀點,guān diǎn,point of view,L4,人生哲理,
誇獎,kuā jiǎng,to praise,L4,人生哲理,
說服,shuō fú,to persuade,L4,人生哲理,
象徵,xiàng zhēng,emblem,L4,人生哲理,
贊成,zàn chéng,to approve,L4,人生哲理,
過失,guò shī,error,L4,人生哲理,
領會,lǐng huì,to understand,L4,人生哲理,
領略,lǐng lüè,to have a taste of,L4,人生哲理,
一望無際,yī wàng wú jì,as far as the eye can see,L4,地點景物,
清幽,qīng yōu,quiet and secluded,L4,地點景物,
絢麗,xuàn lì,gorgeous,L4,地點景物,
千姿百態,qiān zī bǎi tài,to come in many different shapes,L4,地點景物,
挺立,tǐng lì,to stand erect,L4,地點景物,
盛開,shèng kāi,blooming,L4,地點景物,
偌大,ruò dà,so big,L4,地點景物,
大街小巷,dà jiē xiǎo xiàng,great streets and small alleys,L4,地點景物,
奇跡,qí jì,miracle,L4,地點景物,
宅院,zhái yuàn,house,L4,地點景物,
宏偉,hóng wěi,grand,L4,地點景物,
宏大,hóng dà,great,L4,地點景物,
富麗堂皇,fù lì táng huáng,sumptuous,L4,地點景物,
寬闊,kuān kuò,expansive,L4,地點景物,
對稱,duì chèn,symmetry,L4,地點景物,
幽靜,yōu jìng,quiet,L4,地點景物,
斑斕,bān lán,gorgeous,L4,地點景物,
枯,kū,withered,L4,地點景物,
榮,róng,glory,L4,地點景物,
歷史悠久,lì shǐ yōu jiǔ,long-established,L4,地點景物,
氣勢磅礡,qì shì páng bó,imposing manner majestic,L4,地點景物,
發芽,fā yá,to germinate,L4,地點景物,
目不暇接,mù bù xiá jiē,lit. too much for the eye to take in,L4,地點景物,
精美絕倫,jīng měi jué lún,exquisite outstanding,L4,地點景物,
美輪美奐,měi lún měi huàn,magnificent,L4,地點景物,
舉世無雙,jǔ shì wú shuāng,unrivaled,L4,地點景物,
英武,yīng wǔ,soldierly,L4,地點景物,
荒涼,huāng liáng,desolate,L4,地點景物,
輝映,huī yìng,to reflect,L4,地點景物,
輝煌,huī huáng,splendid,L4,地點景物,
迂迴曲折,yū huí qū zhé,roundabout route winding,L4,地點景物,
迴廊,huí láng,winding corridor,L4,地點景物,
遙遠,yáo yuǎn,distant,L4,地點景物,
雅致,yǎ zhì,elegant,L4,地點景物,
鬼斧神功,guǐ fǔ shén gōng,disembodied spirit hatchet amazing powers,L4,地點景物,
輕柔,qīng róu,soft,L4,天文氣象,
熾熱,chì rè,red-hot,L4,天文氣象,
冷月,lěng yuè,cold moon,L4,天文氣象,
刺眼,cì yǎn,to dazzle,L4,天文氣象,
勁吹,jìng chuī,to blow strongly,L4,天文氣象,
吹拂,chuī fú,to brush,L4,天文氣象,
呼呼,hū hū,sound of the wind or the breathing of sb who is sound asleep,L4,天文氣象,
呼嘯,hū xiào,to whistle,L4,天文氣象,
嗚嗚,wū wū,boo hoo,L4,天文氣象,
夕陽,xī yáng,sunset,L4,天文氣象,
季候風,jì hòu fēng,season wind,L4,天文氣象,
寥落,liáo luò,sparse,L4,天文氣象,
山風,shān fēng,mountain wind,L4,天文氣象,
徐徐,xú xú,slowly,L4,天文氣象,
微風,wēi fēng,breeze,L4,天文氣象,
斜陽,xié yáng,setting sun,L4,天文氣象,
新月,xīn yuè,new moon,L4,天文氣象,
日蝕,rì shí,solar eclipse,L4,天文氣象,
旭日,xù rì,the rising sun,L4,天文氣象,
明月,míng yuè,bright moon,L4,天文氣象,
星,xīng,star,L4,天文氣象,
星河,xīng hé,star river (,L4,天文氣象,
星空,xīng kōng,starry sky,L4,天文氣象,
星羅棋布,xīng luó qí bù,scattered about like stars in the sky or chess pieces on a board,L4,天文氣象,
晚風,wǎn fēng,evening wind,L4,天文氣象,
晨曦,chén xī,first rays of morning sun,L4,天文氣象,
晨風,chén fēng,morning wind,L4,天文氣象,
晶瑩,jīng yíng,sparkling and translucent,L4,天文氣象,
暴風,bào fēng,windstorm,L4,天文氣象,
曙光,shǔ guāng,the first light of dawn,L4,天文氣象,
月明星稀,yuè míng xīng xī,moon star rare,L4,天文氣象,
月牙,yuè yá,crescent moon,L4,天文氣象,
月色,yuè sè,moonlight,L4,天文氣象,
月蝕,yuè shí,lunar eclipse,L4,天文氣象,
朝陽,cháo yáng,chaoyang,L4,天文氣象,
朦朧,méng lóng,dim,L4,天文氣象,
殘月,cán yuè,waning moon,L4,天文氣象,
殘陽,cán yáng,destroy positive,L4,天文氣象,
水龍捲,shuǐ lóng juǎn,water tornado,L4,天文氣象,
沙沙,shā shā,rustle,L4,天文氣象,
瀝瀝,lì lì,drip,L4,天文氣象,
火焰,huǒ yàn,blaze,L4,天文氣象,
火熱,huǒ rè,fiery,L4,天文氣象,
火辣辣,huǒ là là,scorching hot,L4,天文氣象,
炎炎,yán yán,scorching,L4,天文氣象,
烈日,liè rì,liege,L4,天文氣象,
烤灼,kǎo zhuó,roast burn,L4,天文氣象,
照耀,zhào yào,to shine,L4,天文氣象,
狂風大作,kuáng fēng dà zuò,gale your work,L4,天文氣象,
皎潔,jiǎo jié,shining clean,L4,天文氣象,
萬丈光芒,wàn zhàng guāng máng,boundless radiance,L4,天文氣象,
繁星,fán xīng,many stars,L4,天文氣象,
習習,xí xí,blowing gently,L4,天文氣象,
蕭蕭,xiāo xiāo,chinese mugwort,L4,天文氣象,
西風,xī fēng,the West wind,L4,天文氣象,
豔陽高照,yàn Yáng gāo zhào,shine,L4,天文氣象,
閃爍,shǎn shuò,flickering,L4,天文氣象,
閃耀,shǎn yào,to glint,L4,天文氣象,
陣陣,zhèn zhèn,disposition of troops,L4,天文氣象,
陣風,zhèn fēng,gust,L4,天文氣象,
風,fēng,wind,L4,天文氣象,
風起雲湧,fēng qǐ yún yǒng,to surge like a gathering storm,L4,天文氣象,
颯颯,sà sà,soughing,L4,天文氣象,
颱風,tái fēng,typhoon,L4,天文氣象,
飄拂,piāo fú,to drift lightly,L4,天文氣象,
驕陽,jiāo yáng,blazing sun,L4,天文氣象,
龍捲風,lóng juǎn fēng,tornado,L4,天文氣象,
彩色,cǎi sè,color,L4,顏色,
暗灰,àn huī,dark ash,L4,顏色,
淡紫,dàn zǐ,insipid purple,L4,顏色,
深黑,shēn hēi,old black,L4,顏色,
淺黑,qiǎn hēi,dark,L4,顏色,
灰濛濛,huī méng méng,ash drizzle,L4,顏色,
灰黑,huī hēi,ash black,L4,顏色,
炭黑,tàn hēi,wood charcoal black,L4,顏色,
焦黑,jiāo hēi,burnt black,L4,顏色,
白濛濛,bái méng méng,white drizzle,L4,顏色,
白皚皚,bái ái ái,white white as snow,L4,顏色,
白茫茫,bái máng máng,a vast expanse of whiteness,L4,顏色,
粉白,fěn bái,powder white,L4,顏色,
茄子紫,qié zi zǐ,eggplant purple,L4,顏色,
葡萄灰,pú tao huī,grape ash,L4,顏色,
銀白,yín bái,silver white,L4,顏色,
靛紫,diàn zǐ,indigo pigment purple,L4,顏色,
黑沉沉,hēi chén chén,pitch-dark,L4,顏色,
黑黝黝,hēi yǒu yǒu,black,L4,顏色,
湛藍,zhàn lán,azure,L4,顏色,
綠油油,lǜ yóu yóu,lush green,L4,顏色,
綠茸茸,lǜ róng róng,green soft and fine,L4,顏色,
灰藍,huī lán,ash blue,L4,顏色,
大紅,dà hóng,crimson,L4,顏色,
天藍,tiān lán,sky blue,L4,顏色,
奶黃,nǎi huáng,custard,L4,顏色,
寶石藍,bǎo shí lán,precious stone blue,L4,顏色,
寶藍,bǎo lán,sapphire blue,L4,顏色,
桃紅,táo hóng,pink,L4,顏色,
梨黃,lí huáng,pear yellow,L4,顏色,
棗紅,zǎo gōng,jujube red,L4,顏色,
橘紅,jú hóng,orange,L4,顏色,
橙紅,chéng gōng,orange tree red,L4,顏色,
橙黃,chéng huáng,orange yellow,L4,顏色,
檸檬黃,níng méng huáng,lemon yellow,L4,顏色,
殷紅,yān hóng,dark red,L4,顏色,
海水藍,hǎi shuǐ lán,seawater blue,L4,顏色,
海藍,hǎi lán,ocean blue,L4,顏色,
淡綠,dàn lǜ,insipid green,L4,顏色,
淡藍,dàn lán,insipid blue,L4,顏色,
淡青,dàn qīng,insipid green,L4,顏色,
淡黃,dàn huáng,light yellow,L4,顏色,
深紅,shēn gōng,old red,L4,顏色,
深綠,shēn lǜ,dark green,L4,顏色,
深藍,shēn lán,deep Blue,L4,顏色,
深黃,shēn huáng,old yellow,L4,顏色,
淺紅,jiān gōng,sound of moving water red,L4,顏色,
淺藍,jiān lán,sound of moving water blue,L4,顏色,
淺黃,jiān huáng,sound of moving water yellow,L4,顏色,
湖水綠,hú shuǐ lǜ,lake light green,L4,顏色,
玫瑰紅,méi guī gōng,rugosa rose red,L4,顏色,
碧藍,bì lán,dark blue,L4,顏色,
米黃,mǐ huáng,beige,L4,顏色,
粉紅,fěn hóng,pink,L4,顏色,
粉綠,fěn lǜ,powder green,L4,顏色,
粉藍,fěn lán,powder blue,L4,顏色,
紫紅,zǐ gōng,purple red,L4,顏色,
草綠,cǎo lǜ,grass green,L4,顏色,
草青,cǎo qīng,grass green,L4,顏色,
草黃,cǎo huáng,grass yellow,L4,顏色,
葉綠,yè lǜ,leaf green,L4,顏色,
蔚藍,wèi lán,azure,L4,顏色,
藍幽幽,lán yōu yōu,blue faint,L4,顏色,
藍盈盈,lán yíng yíng,blue full,L4,顏色,
蘋果綠,píng guǒ lǜ,apple green,L4,顏色,
血紅,xiě gōng,blood red,L4,顏色,
青,qīng,green,L4,顏色,
青森森,qīng sēn sēn,green dense,L4,顏色,
青綠,qīng lǜ,lush green,L4,顏色,
青翠,qīng cuì,fresh and green,L4,顏色,
鮮黃,xiān huáng,fresh yellow,L4,顏色,
鴨綠,yā lǜ,duck ( green,L4,顏色,
鵝黃,é huáng,goose yellow,L4,顏色,
墨綠,mò lǜ,dark green,L4,顏色,
大方,dà fāng,expert,L4,物品,
傾斜,qīng xié,to incline,L4,物品,
光鮮,guāng xiān,bright and neat,L4,物品,
別致,bié zhì,distinctive and elegant,L4,物品,
古樸,gǔ pǔ,simple and unadorned,L4,物品,
可靠,kě kào,reliable,L4,物品,
單調,dān diào,monotonous,L4,物品,
四四方方,sì sì fāng fāng,four four-way square,L4,物品,
垂直,chuí zhí,perpendicular,L4,物品,
奇特,qí tè,peculiar,L4,物品,
奇異,qí yì,fantastic,L4,物品,
實用,shí yòng,practical,L4,物品,
嶄新,zhǎn xīn,brand new,L4,物品,
平滑,píng huá,flat and smooth,L4,物品,
彎曲,wān qū,to bend,L4,物品,
悅耳,yuè ěr,sweet-sounding,L4,物品,
方方正正,fāng fāng zhèng zhèng,square-shaped,L4,物品,
歪斜,wāi xié,crooked,L4,物品,
涼冰冰,liáng bīng bīng,cool ice,L4,物品,
渾圓,hún yuán,perfectly round,L4,物品,
滋潤,zī rùn,moist,L4,物品,
省電,shěng diàn,to save electricity,L4,物品,
稀有,xī yǒu,uncommon,L4,物品,
精巧,jīng qiǎo,elaborate,L4,物品,
精細,jīng xì,fine,L4,物品,
經濟,jīng jì,economy,L4,物品,
耐看,nài kàn,able to withstand careful appreciation,L4,物品,
銳利,ruì lì,sharp,L4,物品,
陳舊,chén jiù,old-fashioned,L4,物品,
嫩滑,nèn huá,young and tender slip,L4,食物,
油膩,yóu nì,greasy food,L4,食物,
清甜,qīng tián,clear and sweet,L4,食物,
滑溜,huá liū,to sauté in sticky sauce,L4,食物,
炆,wén,to simmer,L4,食物,
炒,chǎo,to sauté,L4,食物,
炸,zhá,to deep fry,L4,食物,
烤,kǎo,to roast,L4,食物,
焗,jú,to cook in salt or sand,L4,食物,
煎,jiān,to pan fry,L4,食物,
煨,wēi,to simmer,L4,食物,
蒸,zhēng,to evaporate,L4,食物,
燉,dùn,to stew,L4,食物,
燒,shāo,to burn,L4,食物,
燙,tàng,to scald,L4,食物,
燜,mèn,to cook in a covered vessel,L4,食物,
燴,huì,to braise,L4,食物,
甘甜,gān tián,sweet,L4,食物,
甘香,gān xiāng,sweet fragrant,L4,食物,
甜蜜蜜,tián mì mì,very sweet,L4,食物,
腥,xīng,fishy,L4,食物,
苦澀,kǔ sè,bitter and astringent,L4,食物,
辛辣,xīn là,spicy hot,L4,食物,
香濃,xiāng nóng,fragrant concentrated,L4,食物,
鬆軟,sōng ruǎn,flexible,L4,食物,
鮮美,xiān měi,delicious,L4,食物,
麻,má,hemp,L4,食物,
豔麗,yàn lì,korea,L4,動物,
白茸茸,bái róng róng,white soft and fine,L4,動物,
光潔,guāng jié,bright and clean,L4,動物,
叮叮咚咚,dīng dīng dōng dōng,tinkling or jingling sound dongdong,L4,動物,
吼,hǒu,to roar,L4,動物,
咆哮,páo xiào,to roar,L4,動物,
咕咕,gū gū,for the sound of a bird,L4,動物,
哞哞,mōu mōu,moo,L4,動物,
唧唧喳喳吠,jī jī zhā zhā fèi,chirp and bark noisily,L4,動物,
啁啾,zhōu jiū,twitter,L4,動物,
啼叫,tí jiào,cry shout,L4,動物,
啾啾,jiū jiū,wailing of child,L4,動物,
喳喳,chā cha,whisper,L4,動物,
嘩啦啦,huā lā lā,crashing sound,L4,動物,
報曉,bào xiǎo,to herald the break of day,L4,動物,
威武,wēi wǔ,might,L4,動物,
龐然大物,páng rán dà wù,huge monster,L4,動物,
棕色,zōng sè,brown,L4,動物,
滴滴答答,dī dī dā dā,a drop pattering sound answer,L4,動物,
玲瓏,líng lóng,clink of jewels,L4,動物,
血盆大口,xuè pén dà kǒu,bloody mouth wide open like a sacrificial bowl,L4,動物,
黑色,hēi sè,black,L4,動物,
頑強,wán qiáng,tenacious,L4,性格,
樸素,pǔ sù,plain and simple,L4,性格,
高貴,gāo guì,grandeur,L4,性格,
蠻幹,mán gàn,to act rashly,L4,性格,
廉潔,lián jié,incorruptible,L4,性格,
沉默,chén mò,taciturn,L4,性格,
不專注,bù zhuān zhù,no focus,L4,性格,
不氣餒,bù qì něi,no be discouraged,L4,性格,
勞心,láo xīn,to work with one's brains,L4,性格,
卓越,zhuó yuè,outstanding,L4,性格,
善忘,shàn wàng,to be forgetful,L4,性格,
嚴謹,yán jǐn,rigorous,L4,性格,
愚昧,yú mèi,ignorant,L4,性格,
慈悲,cí bēi,mercy,L4,性格,
投入,tóu rù,to throw into,L4,性格,
正義,zhèng yì,justice,L4,性格,
沉穩,chén wěn,steady,L4,性格,
沉靜,chén jìng,peaceful,L4,性格,
無私,wú sī,selfless,L4,性格,
爛漫,làn màn,unaffected,L4,性格,
盡職,jìn zhí,to discharge one's duties,L4,性格,
睿智,ruì zhì,wise and farsighted,L4,性格,
稱職,chèn zhí,well qualified,L4,性格,
粗心,cū xīn,careless,L4,性格,
精力旺盛,jīng lì wàng shèng,energy vigorous,L4,性格,
純潔,chún jié,pure,L4,性格,
耐心,nài xīn,to be patient,L4,性格,
英勇,yīng yǒng,heroic,L4,性格,
講求效率,jiǎng qiú xiào lǜ,stress efficiency,L4,性格,
負責任,fù zé rèn,to take responsibility,L4,性格,
貪玩,tān wán,to only want to have a good time,L4,性格,
貪睡,tān shuì,have a voracious desire for sleep,L4,性格,
追求品味,zhuī qiú pǐn wèi,pursue stubbornly sample,L4,性格,
鎮定,zhèn dìng,calm,L4,性格,
鬥志高昂,dòu zhì gāo áng,will fight hold high,L4,性格,
無憂無慮,wú yōu wú lǜ,carefree and without worries,L3,性格,
笨拙,bèn zhuō,clumsy,L3,性格,
亂七八糟,luàn qī bā zāo,chaotic,L3,性格,
游手好閒,yóu shǒu hǎo jiān,be idle good idle,L3,性格,
大公無私,dà gōng wú sī,selfless,L3,性格,
盡心盡力,jìn xīn jìn lì,making an all-out effort,L3,性格,
一毛不拔,yī máo bù bá,stingy,L3,性格,
先入為主,xiān rù wéi zhǔ,the first impression is the strongest,L3,性格,
學貫古今,xué guàn gǔ jīn,learn pierce through then and now,L3,性格,
守株待兔,shǒu zhū dài tù,lit. to guard a tree-stump,L3,性格,
居安思危,jū ān sī wēi,to think of danger in times of safety,L3,性格,
損人利己,sǔn rén lì jǐ,harming others for one's personal benefit,L3,性格,
明察秋毫,míng chá qiū háo,lit. seeing clearly the downy feathers of autumn,L3,性格,
杞人憂天,Qǐ rén yōu tiān,man of Qǐ fears the sky falling,L3,性格,
東施效顰,Dōng Shī xiào pín,lit. Dong Shi imitates Xi Shi's frown,L3,性格,
沐猴而冠,mù hóu ér guàn,lit. a monkey wearing a hat,L3,性格,
無微不至,wú wēi bù zhì,in every possible way,L3,性格,
無理取鬧,wú lǐ qǔ nào,to make trouble without reason,L3,性格,
狐假虎威,hú jiǎ hǔ wēi,lit. the fox exploits the tiger's might,L3,性格,
狗仗人勢,gǒu zhàng rén shì,a dog threatens based on master's power,L3,性格,
班門弄斧,Bān mén nòng fǔ,to display one's slight skill before an expert,L3,性格,
疾惡如仇,jí wù rú chóu,hate evil passionately,L3,性格,
膽小如鼠,dǎn xiǎo rú shǔ,chicken-hearted,L3,性格,
自相矛盾,zì xiāng máo dùn,to contradict oneself,L3,性格,
足智多謀,zú zhì duō móu,resourceful,L3,性格,
體貼入微,tǐ tiē rù wēi,to show every possible consideration,L3,性格,
默默付出,mò mò fù chū,in silence pay,L3,性格,
愚蠢,yú chǔn,silly,L3,性格,
出類拔萃,chū lèi bá cuì,to excel the common,L3,性格,
半途而廢,bàn tú ér fèi,to give up halfway,L3,性格,
孜孜不倦,zī zī bù juàn,lit. diligent and never slacking,L3,性格,
意志堅定,yì zhì jiān dìng,will firm,L3,性格,
畫龍點睛,huà lóng diǎn jīng,to paint a dragon and dot in the eyes,L3,性格,
破釜沉舟,pò fǔ chén zhōu,lit. to break the cauldrons and sink the boats,L3,性格,
虛偽,xū wěi,false,L3,性格,
螳臂擋車,táng bì dǎng chē,praying mantis arm resist car,L3,性格,
鍥而不捨,qiè ér bù shě,to chip away at a task and not abandon it,L3,性格,
厭惡,yàn wù,to loathe,L3,心理,
孤獨,gū dú,lonely,L3,心理,
感激,gǎn jī,to be grateful,L3,心理,
矛盾,máo dùn,contradiction,L3,心理,
落寞,luò mò,lonely,L3,心理,
討厭,tǎo yàn,to dislike,L3,心理,
內疚,nèi jiù,guilty conscience,L3,心理,
後悔,hòu huǐ,to regret,L3,心理,
急忙,jí máng,hastily,L3,心理,
悔恨,huǐ hèn,remorse,L3,心理,
悔疚,huǐ jiù,regret chronic disease,L3,心理,
憂心,yōu xīn,concerned,L3,心理,
懊惱,ào nǎo,annoyed,L3,心理,
羞慚,xiū cán,a disgrace,L3,心理,
驚惶失措,jīng huáng shī cuò,panic-stricken,L3,心理,
委屈,wěi qu,to feel wronged,L3,心理,
懊悔,ào huǐ,to feel remorse,L3,心理,
驚訝,jīng yà,amazed,L3,心理,
樂呵呵,lè hē hē,happily,L3,心理,
痛苦,tòng kǔ,pain,L3,心理,
寧靜,níng jìng,tranquil,L3,心理,
刺激,cì jī,to provoke,L3,心理,
厭倦,yàn juàn,to be weary of,L3,心理,
將信將疑,jiāng xìn jiāng yí,half believing,L3,心理,
急不可待,jí bù kě dài,impatient,L3,心理,
投訴,tóu sù,complaint,L3,心理,
昏昏欲睡,hūn hūn yù shuì,drowsy,L3,心理,
歡快,huān kuài,cheerful and lighthearted,L3,心理,
消沉,xiāo chén,depressed,L3,心理,
灰心,huī xīn,to lose heart,L3,心理,
着急,zháo jí,to worry,L3,心理,
精神抖擻,jīng shén dǒu sǒu,spirit trembling with excitement,L3,心理,
處之泰然,chǔ zhī tài rán,remain calm,L3,心理,
訴說,sù shuō,to recount,L3,心理,
開闢,kāi pì,to open up,L3,心理,
陌生,mò shēng,strange,L3,心理,
饒恕,ráo shù,to forgive,L3,動作,
伏,fú,to lean over,L3,動作,
侵襲,qīn xí,to invade,L3,動作,
動作,dòng zuò,movement,L3,動作,
培育,péi yù,to train,L3,動作,
審理,shěn lǐ,to hear,L3,動作,
對牛彈琴,duì niú tán qín,lit. to play the lute to a cow,L3,動作,
打草驚蛇,dǎ cǎo jīng shé,lit. beat the grass to scare the snake,L3,動作,
批准,pī zhǔn,to approve,L3,動作,
抵禦,dǐ yù,to resist,L3,動作,
推廣,tuī guǎng,to extend,L3,動作,
揭穿,jiē chuān,to expose,L3,動作,
放棄,fàng qì,to renounce,L3,動作,
沉睡,chén shuì,to be fast asleep,L3,動作,
牛刀小試,niú dāo xiǎo shì,show a little of one's ability,L3,動作,
省,shěng,to save,L3,動作,
碰,pèng,to touch,L3,動作,
移花接木,yí huā - jiē mù,lit. to graft flowers onto a tree,L3,動作,
結伴,jié bàn,to go with sb,L3,動作,
考慮,kǎo lǜ,to think over,L3,動作,
聯絡,lián luò,to get in touch with,L3,動作,
蘇醒,sū xǐng,perilla frutescens wake up,L3,動作,
行動,xíng dòng,operation,L3,動作,
診斷,zhěn duàn,to diagnose,L3,動作,
贈,zèng,to give as a present,L3,動作,
邀請,yāo qǐng,to invite,L3,動作,
鞠躬,jū gōng,to bow,L3,動作,
顫抖,chàn dǒu,to shudder,L3,動作,
騷擾,sāo rǎo,to disturb,L3,動作,
驅散,qū sàn,to disperse,L3,動作,
龍爭虎鬥,lóng zhēng hǔ dòu,lit. the dragon wars,L3,動作,
馬不停蹄,mǎ bù tíng tí,unrelenting,L3,動作,
擁抱,yōng bào,to embrace,L3,動作,
支持,zhī chí,to be in favor of,L3,動作,
理解,lǐ jiě,to comprehend,L3,動作,
動如脱兔,dòng rú tuō tù,move as shed rabbit,L3,動作,
筋疲力盡,jīn pí lì jìn,body weary,L3,動作,
改善,gǎi shàn,to make better,L3,動作,
研究,yán jiū,research,L3,動作,
研習,yán xí,research and study,L3,動作,
考察,kǎo chá,to inspect,L3,動作,
調查,diào chá,investigation,L3,動作,
追蹤,zhuī zōng,to follow a trail,L3,動作,
追尋,zhuī xún,to pursue,L3,動作,
修改,xiū gǎi,to amend,L3,動作,
照顧,zhào gu,to take care of,L3,動作,
湊近,còu jìn,to approach,L3,動作,
一鳴驚人,yī míng jīng rén,to amaze the world with a single brilliant feat,L3,動作,
不由自主,bù yóu zì zhǔ,can't help,L3,動作,
交還,jiāo huán,to return sth,L3,動作,
充飢,chōng jī,to allay one's hunger,L3,動作,
克服,kè fú,overcome,L3,動作,
動彈不得,dòng tan bu dé,to be unable to move a single step,L3,動作,
勸,quàn,to advise,L3,動作,
半離不棄,bàn lí bù qì,half leave no abandon,L3,動作,
受邀,shòu yāo,receive invite,L3,動作,
口乾舌燥,kǒu gān shé zào,lit. dry mouth and tongue,L3,動作,
咬緊牙關,yǎo jǐn yá guān,lit. to bite the teeth tightly,L3,動作,
品嘗,pǐn cháng,to taste a small amount,L3,動作,
售賣,shòu mài,to sell,L3,動作,
嬉戲,xī xì,to frolic,L3,動作,
寒喧,hán xuān,cold clamor,L3,動作,
將勤補拙,jiāng qín - bǔ zhuō,to compensate for lack of ability with hard work,L3,動作,
展開,zhǎn kāi,to unfold,L3,動作,
引領,yǐn lǐng,to crane one's neck,L3,動作,
急中生智,jí zhōng shēng zhì,quick witted in an emergency,L3,動作,
懂得,dǒng de,to understand,L3,動作,
應付,yìng fu,to deal with,L3,動作,
抓緊,zhuā jǐn,to keep a firm grip on,L3,動作,
探險,tàn xiǎn,to explore,L3,動作,
揮動,huī dòng,to wave sth,L3,動作,
搖晃,yáo huàng,to rock,L3,動作,
搬運,bān yùn,freight,L3,動作,
撫養,fǔ yǎng,to foster,L3,動作,
攻打,gōng dǎ,to attack,L3,動作,
教訓,jiào xun,to provide guidance,L3,動作,
歧視,qí shì,to discriminate against,L3,動作,
歸去,guī qù,return go,L3,動作,
治療,zhì liáo,to treat,L3,動作,
泊,bó,to anchor,L3,動作,
滿頭大汗,mǎn tóu dà hàn,brow beaded with sweat,L3,動作,
照,zhào,to shine,L3,動作,
爭執,zhēng zhí,to dispute,L3,動作,
牢記,láo jì,to keep in mind,L3,動作,
穿越,chuān yuè,to pass through,L3,動作,
簇擁,cù yōng,to crowd around,L3,動作,
編織,biān zhī,to weave,L3,動作,
聽信,tīng xìn,to listen to information,L3,動作,
脫掉,tuō diào,to remove,L3,動作,
見識激勵,jiàn shi jī lì,gain first-hand knowledge of sth encourage,L3,動作,
解渴,jiě kě,to quench,L3,動作,
解說,jiě shuō,to explain,L3,動作,
評價,píng jià,to evaluate,L3,動作,
請教,qǐng jiào,to ask for guidance,L3,動作,
讓座,ràng zuò,to give up one's seat for sb,L3,動作,
讚不絕口,zàn bù jué kǒu,to praise without cease,L3,動作,
讚許,zàn xǔ,to praise,L3,動作,
迫不得已,pò bù dé yǐ,to have no alternative,L3,動作,
過,guò,to cross,L3,動作,
遺忘,yí wàng,to forget,L3,動作,
預約,yù yuē,booking,L3,動作,
體會,tǐ huì,to know from experience,L3,動作,
如痴如醉,rú chī rú zuì,enthralled,L3,動作,
情不自禁,qíng bù zì jīn,cannot refrain from,L3,動作,
無動於衷,wú dòng yú zhōng,aloof,L3,動作,
目瞪口呆,mù dèng - kǒu dāi,dumbstruck,L3,動作,
爭先恐後,zhēng xiān kǒng hòu,striving to be first and fearing to be last,L3,動作,
憐憫,lián mǐn,to take pity on,L3,動作,
不情願,bù qíng yuàn,unwilling,L3,動作,
和顏悅色,hé yán yuè sè,amiable manner,L3,動作,
態度,tài du,manner,L3,動作,
拚命,pàn mìng,risk one's life; desperately,L3,動作,
搖頭晃腦,yáo tóu huǎng nǎo,shake one's head dazzle brain,L3,動作,
日以繼夜,rì yǐ jì yè,sun old continue night,L3,動作,
樂意,lè yì,to be willing to do sth,L3,動作,
樂滋滋,lè zī zī,contented,L3,動作,
滿有信心,mǎn yǒu xìn xīn,manchu ethnic group have confidence,L3,動作,
漸漸,jiàn jiàn,gradually,L3,動作,
熱切,rè qiè,fervent,L3,動作,
笑呵呵,xiào hē hē,old gentle laughter,L3,動作,
笑瞇瞇,xiào mī mī,old narrow one's eyes,L3,動作,
純熟,chún shú,skillful,L3,動作,
默默,mò mò,in silence,L3,動作,
專心,zhuān xīn,to focus one's attention,L3,動作,
起勁,qǐ jìn,energetic,L3,動作,
面紅耳赤,miàn hóng ěr chì,flushed with anger,L3,動作,
迫不及待,pò bù jí dài,impatient,L3,動作,
半信半疑,bàn xìn bàn yí,half doubting,L3,動作,
困擾,kùn rǎo,to perplex,L3,動作,
大發雷霆,dà fā léi tíng,to be furious,L3,動作,
嬉皮笑臉,xī pí xiào liǎn,all smiles,L3,動作,
留神,liú shén,to take care,L3,動作,
警惕,jǐng tì,to be on the alert,L3,動作,
乾澀,gān sè,dry and rough,L3,外貌,
像白玉般,xiàng bái yù bān,resemble white jade sort,L3,外貌,
兜風耳,dōu fēng ěr,catch the wind ear,L3,外貌,
參差不齊,cēn cī bù qí,variable,L3,外貌,
大大,dà dà,greatly,L3,外貌,
小小,xiǎo xiǎo,very small,L3,外貌,
尖尖,jiān jiān,sharp,L3,外貌,
左歪右倒,zuǒ wāi yòu dǎo,left askew right fall,L3,外貌,
扁扁,biǎn biǎn,flat,L3,外貌,
棱角分明,léng jiǎo fēn míng,edge and corner clear,L3,外貌,
潤澤,rùn zé,moist,L3,外貌,
焦黃,jiāo huáng,sallow,L3,外貌,
紅潤,hóng rùn,ruddy,L3,外貌,
缺了顆門牙,quē le kē mén yá,deficiency finish classifier for small spheres incisor,L3,外貌,
薄薄,báo báo,thin,L3,外貌,
豐厚,fēng hòu,generous,L3,外貌,
充滿神采,chōng mǎn shén cǎi,full of expression,L3,外貌,
八字眉,bā zì méi,sloping eyebrows,L3,外貌,
劍眉,jiàn méi,double-edged sword eyebrow,L3,外貌,
卷曲,juǎn qū,to curl,L3,外貌,
彎月眉,wān yuè méi,crescent moon eyebrow,L3,外貌,
挺直,tǐng zhí,upright,L3,外貌,
柳葉眉,liǔ yè méi,willow-leaf eyebrows,L3,外貌,
水汪汪,shuǐ wāng wāng,watery,L3,外貌,
水靈靈,shuǐ líng líng,bright and lively,L3,外貌,
濃濃,nóng nóng,concentrated,L3,外貌,
濃眉大眼,nóng méi dà yǎn,thick eyebrows and big eyes,L3,外貌,
發亮,fā liàng,to shine,L3,外貌,
眉清目秀,méi qīng mù xiù,pretty,L3,外貌,
眼大無神,yǎn dà mó shén,eye big not have god,L3,外貌,
短小,duǎn xiǎo,short small,L3,外貌,
粗粗,cū cū,wide,L3,外貌,
近視眼,jìn shì yǎn,shortsighted eye,L3,外貌,
高挺,gāo tǐng,high straight,L3,外貌,
黑白分明,hēi bái fēn míng,lit. black and white clearly contrasted,L3,外貌,
筆直,bǐ zhí,perfectly straight,L3,外貌,
小巧,xiǎo qiǎo,small and exquisite,L3,外貌,
杏眼,xìng yǎn,large,L3,外貌,
貝齒,bèi chǐ,pearly white teeth,L3,外貌,
拯救,zhěng jiù,to save,L3,環境保護,
珍惜,zhēn xī,to treasure,L3,環境保護,
伐林,fá lín,cut down japanese,L3,環境保護,
保持,bǎo chí,to keep,L3,環境保護,
保育,bǎo yù,childcare,L3,環境保護,
再用,zài yòng,again use,L3,環境保護,
分類,fēn lèi,to classify,L3,環境保護,
善用,shàn yòng,to be good at using,L3,環境保護,
回收,huí shōu,to recycle,L3,環境保護,
廢物,fèi wù,rubbish,L3,環境保護,
影響,yǐng xiǎng,influence,L3,環境保護,
循環,xún huán,to cycle,L3,環境保護,
性能,xìng néng,function,L3,環境保護,
指示,zhǐ shì,to point out,L3,環境保護,
提高,tí gāo,to raise,L3,環境保護,
效率,xiào lǜ,efficiency,L3,環境保護,
效益,xiào yì,benefit,L3,環境保護,
效能,xiào néng,efficacy,L3,環境保護,
標籤,biāo qiān,label,L3,環境保護,
氣候,qì hòu,climate,L3,環境保護,
淨化,jìng huà,to purify,L3,環境保護,
減低,jiǎn dī,to lower,L3,環境保護,
減少,jiǎn shǎo,to lessen,L3,環境保護,
減省,jiǎn shěng,lower save,L3,環境保護,
潔淨,jié jìng,clean,L3,環境保護,
瀕危動物,bīn wēi dòng wù,endangered animal,L3,環境保護,
環境,huán jìng,environment,L3,環境保護,
用電,yòng diàn,use lightning,L3,環境保護,
發揮,fā huī,to display,L3,環境保護,
確保,què bǎo,to ensure,L3,環境保護,
節約能源,jié yuē néng yuán,economize energy,L3,環境保護,
節能,jié néng,to conserve energy,L3,環境保護,
綠化,lǜ huà,to make green with plants,L3,環境保護,
耗盡,hào jìn,to exhaust,L3,環境保護,
處理,chǔ lǐ,to handle,L3,環境保護,
設定,shè dìng,to set,L3,環境保護,
調校,diào jiào,transfer check,L3,環境保護,
關上,guān shàng,to close,L3,環境保護,
關掉,guān diào,to switch off,L3,環境保護,
限制,xiàn zhì,to restrict,L3,環境保護,
電器,diàn qì,appliance,L3,環境保護,
浪費,làng fèi,to waste,L3,環境保護,
節約,jié yuē,to economize,L3,環境保護,
環保,huán bǎo,environmental protection,L3,環境保護,
用水,yòng shuǐ,use water,L3,環境保護,
互聯網,Hù lián wǎng,internet,L3,科技知識,
估計,gū jì,to estimate,L3,科技知識,
出神入化,chū shén rù huà,to reach perfection,L3,科技知識,
品質,pǐn zhì,character,L3,科技知識,
基因,jī yīn,gene,L3,科技知識,
尋找,xún zhǎo,to seek,L3,科技知識,
尖端,jiān duān,sharp pointed end,L3,科技知識,
技術,jì shù,technology,L3,科技知識,
探索,tàn suǒ,to explore,L3,科技知識,
提問,tí wèn,to question,L3,科技知識,
提煉,tí liàn,to extract,L3,科技知識,
搜尋,sōu xún,to search,L3,科技知識,
搜集,sōu jí,to gather,L3,科技知識,
時速,shí sù,speed per hour,L3,科技知識,
普及,pǔ jí,to spread extensively,L3,科技知識,
材料,cái liào,material,L3,科技知識,
查閱,chá yuè,to consult,L3,科技知識,
構想,gòu xiǎng,to conceive,L3,科技知識,
檔案,dàng àn,file,L3,科技知識,
激光,jī guāng,laser,L3,科技知識,
發問,fā wèn,to question,L3,科技知識,
真空,zhēn kōng,vacuum,L3,科技知識,
研發,yán fā,research and development,L3,科技知識,
研製,yán zhì,to research and manufacture,L3,科技知識,
科技,kē jì,science and technology,L3,科技知識,
科技發明,kē jì fā míng,science and technology invent,L3,科技知識,
精確,jīng què,accurate,L3,科技知識,
細菌,xì jūn,bacterium,L3,科技知識,
緊密,jǐn mì,inseparably close,L3,科技知識,
翻閱,fān yuè,to thumb through,L3,科技知識,
衛星,wèi xīng,satellite,L3,科技知識,
裝置,zhuāng zhì,to install,L3,科技知識,
規劃,guī huà,to draw up a plan,L3,科技知識,
識別,shí bié,to distinguish,L3,科技知識,
資料,zī liào,material,L3,科技知識,
資訊,zī xùn,information,L3,科技知識,
辨識,biàn shí,identification,L3,科技知識,
領域,lǐng yù,domain,L3,科技知識,
實踐,shí jiàn,practice,L3,科技知識,
控制,kòng zhì,to control,L3,科技知識,
新穎,xīn yǐng,lit. new bud,L3,科技知識,
繁殖,fán zhí,to breed,L3,科技知識,
證實,zhèng shí,to confirm,L3,科技知識,
節省,jié shěng,saving,L3,科技知識,
傳播,chuán bō,to disseminate,L3,科技知識,
傳遍,chuán biàn,to spread widely,L3,科技知識,
叩問,kòu wèn,to inquire,L3,科技知識,
干擾,gān rǎo,to disturb,L3,科技知識,
攝錄,shè lù,to film,L3,科技知識,
改良,gǎi liáng,to improve,L3,科技知識,
發射,fā shè,to shoot,L3,科技知識,
發展,fā zhǎn,development,L3,科技知識,
監測,jiān cè,to monitor,L3,科技知識,
繁複,fán fù,complicated,L3,科技知識,
裝載,zhuāng zài,to load,L3,科技知識,
輻射,fú shè,radiation,L3,科技知識,
預測,yù cè,to forecast,L3,科技知識,
時髦,shí máo,in vogue,L3,地點景物,
人來人往,rén lái rén wǎng,person come go,L3,地點景物,
奔流不息,bēn liú bù xī,flow at great speed continually,L3,地點景物,
富強,fù qiáng,rich and powerful,L3,地點景物,
川流不息,chuān liú bù xī,the stream flows without stopping,L3,地點景物,
廣為人知,guǎng wéi rén zhī,wide conduct oneself know,L3,地點景物,
昌盛,chāng shèng,prosperous,L3,地點景物,
波瀾壯闊,bō lán zhuàng kuò,surging forward with great momentum,L3,地點景物,
熱鬧,rè nao,bustling with noise and excitement,L3,地點景物,
現代,xiàn dài,hyundai,L3,地點景物,
穿梭,chuān suō,to travel back and forth,L3,地點景物,
繁榮,fán róng,prosperous,L3,地點景物,
繁華,fán huá,flourishing,L3,地點景物,
繽紛,bīn fēn,vast and various,L3,地點景物,
聞名於世,wén míng yú shì,world-famous,L3,地點景物,
連綿起伏,lián mián qǐ fú,continuous move up and down,L3,地點景物,
錦繡河山,jǐn xiù hé shān,beautiful river ( mountain,L3,地點景物,
聚集,jù jí,to assemble,L3,地點景物,
得天獨厚,dé tiān dú hòu,blessed by heaven,L3,地點景物,
古色古香,gǔ sè gǔ xiāng,interesting and appealing,L3,地點景物,
巧奪天工,qiǎo duó tiān gōng,opportunely seize day work,L3,地點景物,
世外桃源,shì wài táo yuán,peaceful paradise,L3,地點景物,
人間仙境,rén jiān xiān jìng,the human world fairyland,L3,地點景物,
如詩如畫,rú shī rú huà,stunning,L3,地點景物,
山明水秀,shān míng shuǐ xiù,lit. verdant hills and limpid water,L3,地點景物,
湖光山色,hú guāng shān sè,scenic lakes and mountain,L3,地點景物,
蔚為奇觀,wèi wéi qí guān,spectacle,L3,地點景物,
詩情畫意,shī qíng huà yì,picturesque charm,L3,地點景物,
林立,lín lì,to stand in great numbers,L3,地點景物,
風光如畫,fēng guāng rú huà,scene picturesque,L3,地點景物,
烏雲密佈,wū yún mì bù,black cloud name of an ancient state announce,L3,四季,
傾盆大雨,qīng pén dà yǔ,a downpour,L3,四季,
狂風暴雨,kuáng fēng bào yǔ,howling wind and torrential rain,L3,四季,
乍暖還寒,zhà nuǎn - huán hán,alternating between warm and cold,L3,四季,
冰天雪地,bīng tiān xuě dì,a world of ice and snow,L3,四季,
北風怒吼,běi fēng nù hǒu,north wind bellow,L3,四季,
夏日炎炎,xià rì yán yán,summertime scorching,L3,四季,
天寒地凍,tiān hán dì dòng,cold weather,L3,四季,
天朗氣清,tiān lǎng qì qīng,day clear gas qing dynasty of China,L3,四季,
寒氣逼人,hán qì bī rén,cold air pressing,L3,四季,
春光明媚,chūn guāng míng mèi,lovely spring sunshine,L3,四季,
春暖花開,chūn nuǎn huā kāi,old flower open,L3,四季,
春雨綿綿,chūn yǔ mián mián,spring rain continuous,L3,四季,
桃紅柳綠,táo hóng liǔ lǜ,pink willow green,L3,四季,
熱辣辣,rè là là,warm up old,L3,四季,
玉樹銀花,Yù shù yín huā,yushu Tibetan Autonomous Prefecture in Qinghai silver flower,L3,四季,
百花爭妍,bǎi huā zhēng yán,hundred flower strive for beautiful,L3,四季,
萬物爭榮,wàn wù zhēng róng,all things strive for glory,L3,四季,
秋月如鏡,qiū yuè rú jìng,autumn moon as mirror,L3,四季,
秋風颯颯,qiū fēng sà sà,the autumn wind is soughing,L3,四季,
秋高氣爽,qiū gāo qì shuǎng,clear and refreshing autumn weather,L3,四季,
雪花紛飛,xuě huā fēn fēi,snowflake swirl in the air,L3,四季,
電閃雷鳴,diàn shǎn léi míng,lightning flashes thunder rolls,L3,四季,
風雨交加,fēng yǔ jiāo jiā,wind and rain occur at the same time,L3,四季,
黃菊吐豔,huáng jú tǔ yàn,huang Ju spit,L3,四季,
黃葉紛飛,huáng yè fēn fēi,yellow leaf swirl in the air,L3,四季,
烈日當空,liè rì dāng kōng,liege overhead,L3,四季,
風和日麗,fēng hé rì lì,moderate wind,L3,四季,
驕陽似火,jiāo yáng sì huǒ,the sun shines fiercely,L3,四季,
春風送暖,chūn fēng sòng nuǎn,old wind send,L3,四季,
萬紫千紅,wàn zǐ qiān hóng,thousands of purples and reds,L3,四季,
一葉知秋,yī yè zhī qiū,lit. the falling of one leaf heralds the coming of autumn,L3,四季,
千里冰封,qiān lǐ bīng fēng,a thousand miles freeze over,L3,四季,
嘗月,cháng yuè,taste moon,L3,四季,
夏陽酷暑,xià yáng kù shǔ,the Xia or Hsia dynasty c. 2000 BC positive intense heat,L3,四季,
寒冬臘月,hán dōng Là yuè,cold winter twelfth lunar month,L3,四季,
春花秋月,chūn huā qiū yuè,old flower autumn moon,L3,四季,
暑氣蒸人,shǔ qì zhēng rén,heat evaporate person,L3,四季,
暖和,nuǎn huo,warm,L3,四季,
炎天暑月,yán tiān shǔ yuè,flame day heat moon,L3,四季,
熱氣騰騰,rè qì téng téng,piping hot,L3,四季,
瑞雪紛飛,ruì xuě fēn fēi,timely snow swirl in the air,L3,四季,
白雪茫茫,bái xuě máng máng,snow boundless,L3,四季,
萬里飄雪,wàn lǐ piāo xuě,wan Li snow,L3,四季,
秋意深濃,qiū yì shēn nóng,autumn italy old concentrated,L3,四季,
秋色蕭瑟,qiū sè xiāo sè,colors of autumn rustle in the air,L3,四季,
秋風習習,qiū fēng xí xí,autumn wind blowing gently,L3,四季,
赤地千里,chì de qiān lǐ,red -ly a thousand miles,L3,四季,
金風送爽,jīn fēng sòng shuǎng,jurchen Jin dynasty wind send bright,L3,四季,
獎勵,jiǎng lì,to reward,L3,物品,
儲存,chǔ cún,stockpile,L3,物品,
分門別類,fēn mén bié lèi,to organize by categories,L3,物品,
千變萬化,qiān biàn wàn huà,countless changes,L3,物品,
圖文並茂,tú wén bìng mào,diagram language and luxuriant,L3,物品,
學習好夥伴,xué xí hǎo huǒ bàn,learn good,L3,物品,
寓意深遠,yù yì shēn yuǎn,the implied message is deep,L3,物品,
扣人心弦,kòu rén xīn xián,to excite,L3,物品,
擺放,bǎi fàng,to set up,L3,物品,
書寫,shū xiě,to write,L3,物品,
栩栩如生,xǔ xǔ rú shēng,vivid and lifelike,L3,物品,
活生生,huó shēng shēng,real,L3,物品,
派用場,pā yòng chǎng,clique use,L3,物品,
理財,lǐ cái,to manage wealth,L3,物品,
禮物,lǐ wù,gift,L3,物品,
自衛,zì wèi,to defend oneself,L3,物品,
計時,jì shí,to measure time,L3,物品,
記錄,jì lù,to record,L3,物品,
遮擋,zhē dǎng,to shelter,L3,物品,
量度,liáng dù,to measure,L3,物品,
陪伴成長,péi bàn chéng zhǎng,accompany mature,L3,物品,
柔和,róu hé,gentle,L3,物品,
五光十色,wǔ guāng - shí sè,bright and multicolored,L3,物品,
碧綠,bì lǜ,dark green,L3,物品,
金燦燦,jīn càn càn,golden-bright and dazzling,L3,物品,
冗長,rǒng cháng,long and tedious,L3,物品,
可笑,kě xiào,funny,L3,物品,
完整,wán zhěng,complete,L3,物品,
沉悶,chén mèn,oppressive,L3,物品,
深奧,shēn ào,profound,L3,物品,
淺白,qiǎn bái,simple,L3,物品,
艱深,jiān shēn,abstruse,L3,物品,
日新月異,rì xīn yuè yì,daily renewal,L3,物品,
創新,chuàng xīn,to bring forth new ideas,L3,物品,
引人入勝,yǐn rén rù shèng,to enchant,L3,物品,
五色繽紛,wǔ sè bīn fēn,all the colors in profusion,L3,物品,
圓鼓鼓,yuán gǔ gǔ,round and bulging,L3,物品,
神氣活現,shén qì huó xiàn,arrogant appearance,L3,物品,
窄小,zhǎi xiǎo,narrow small,L3,物品,
笨重,bèn zhòng,heavy,L3,物品,
輕飄飄,qīng piāo piāo,light as a feather,L3,物品,
黏,nián,sticky,L3,物品,
乖巧,guāi qiǎo,clever,L3,動物,
伸展,shēn zhǎn,stretching,L3,動物,
兇猛,xiōng měng,fierce,L3,動物,
動彈,dòng tan,to budge,L3,動物,
古怪,gǔ guài,strange,L3,動物,
奄奄一息,yǎn yǎn yī xī,dying,L3,動物,
屏息,bǐng xī,hold one's breath,L3,動物,
抓癢,zhuā yǎng,to scratch an itch,L3,動物,
攀爬,pān pá,to climb,L3,動物,
歪倒,wāi dǎo,askew fall,L3,動物,
活蹦亂跳,huó bèng luàn tiào,to leap and frisk about,L3,動物,
溫順,wēn shùn,docile,L3,動物,
甩,shuǎi,to throw,L3,動物,
翱翔,áo xiáng,to soar,L3,動物,
蕩,dàng,to wash,L3,動物,
蠕動,rú dòng,to wiggle,L3,動物,
躲,duǒ,to hide,L3,動物,
鑽,zuān,to drill,L3,動物,
靈活,líng huó,flexible,L3,動物,
顫動,chàn dòng,to vibrate,L3,動物,
飛翔,fēi xiáng,to circle in the air,L3,動物,
馴良,xùn liáng,docile,L3,動物,
敏捷,mǐn jié,nimble,L3,動物,
生氣勃勃,shēng qì bó bó,full of vitality,L3,動物,
啼,tí,to cry,L3,動物,
搖頭,yáo tóu,to shake one's head,L3,動物,
精湛,jīng zhàn,consummate,L3,動物,
織網,zhī wǎng,weave net,L3,動物,
習性,xí xìng,character acquired through long habit,L3,動物,
靈巧,líng qiǎo,deft,L3,動物,
圓滑,yuán huá,smooth and evasive,L2,性格,
淘氣,táo qì,naughty,L2,性格,
囂張,xiāo zhāng,rampant,L2,性格,
刻苦,kè kǔ,hardworking,L2,性格,
節儉,jié jiǎn,frugal,L2,性格,
聽話,tīng huà,to do what one is told,L2,性格,
老實,lǎo shi,honest,L2,性格,
兇惡,xiōng è,fierce,L2,性格,
出色,chū sè,remarkable,L2,性格,
可愛,kě ài,adorable,L2,性格,
吝嗇,lìn sè,stingy,L2,性格,
堅毅,jiān yì,firm and persistent,L2,性格,
天真,tiān zhēn,naive,L2,性格,
好學,hǎo xué,easy to learn,L2,性格,
孝順,xiào shùn,filial,L2,性格,
守信,shǒu xìn,to keep promises,L2,性格,
智慧,zhì huì,wisdom,L2,性格,
有禮,yǒu lǐ,have gift,L2,性格,
機智,jī zhì,quick-witted,L2,性格,
殘暴,cán bào,brutal,L2,性格,
爽快,shuǎng kuai,refreshed,L2,性格,
率直,shuài zhí,frank,L2,性格,
精明,jīng míng,astute,L2,性格,
自信,zì xìn,to have confidence in oneself,L2,性格,
親切,qīn qiè,amiable,L2,性格,
辛勤,xīn qín,hardworking,L2,性格,
進取,jìn qǔ,to show initiative,L2,性格,
風趣,fēng qù,charm,L2,性格,
馬虎,mǎ hu,careless,L2,性格,
魯莽,lǔ mǎng,hot-headed,L2,性格,
糊塗,hú tu,muddled,L2,性格,
心直口快,xīn zhí kǒu kuài,frank and outspoken,L2,性格,
文靜,wén jìng,gentle and quiet,L2,性格,
沉默寡言,chén mò guǎ yán,habitually silent,L2,性格,
自卑,zì bēi,to have low self-esteem,L2,性格,
友善,yǒu shàn,friendly,L2,性格,
嚴肅,yán sù,solemn,L2,性格,
用心,yòng xīn,motive,L2,性格,
從容,cóng róng,to go easy,L2,性格,
沉着,chén zhuó,steady,L2,性格,
死板,sǐ bǎn,rigid,L2,性格,
上進,shàng jìn,to make progress,L2,性格,
發憤,fā fèn,to make a determined effort,L2,性格,
冰冷,bīng lěng,ice-cold,L2,性格,
友愛,yǒu ài,friendly affection,L2,性格,
盡責,jìn zé,to do one's duty,L2,性格,
禮讓,lǐ ràng,to show consideration for,L2,性格,
細心,xì xīn,meticulous,L2,性格,
親愛,qīn ài,dear,L2,性格,
集中,jí zhōng,to concentrate,L2,性格,
垂頭喪氣,chuí tóu sàng qì,hanging one's head dispiritedly,L2,心理,
沮喪,jǔ sàng,dispirited,L2,心理,
氣憤,qì fèn,indignant,L2,心理,
哀傷,āi shāng,grief,L2,心理,
惱怒,nǎo nù,resentful,L2,心理,
氣沖沖,qì chōng chōng,furious,L2,心理,
興高采烈,xìng gāo cǎi liè,happy and excited,L2,心理,
愁眉不展,chóu méi bù zhǎn,with a worried frown,L2,心理,
閒適,xián shì,leisurely and comfortable,L2,心理,
低落,dī luò,downcast,L2,心理,
傷悲,shāng bēi,sad,L2,心理,
喜孜孜,xǐ zī zī,pleased,L2,心理,
喜氣洋洋,xǐ qì yáng yáng,full of joy,L2,心理,
喜笑顏開,xǐ xiào yán kāi,grinning from ear to ear,L2,心理,
威風,wēi fēng,might,L2,心理,
幸福,xìng fú,happiness,L2,心理,
心曠神怡,xīn kuàng shén yí,lit. heart untroubled,L2,心理,
悲,bēi,sad,L2,心理,
悲傷,bēi shāng,sad,L2,心理,
悲痛,bēi tòng,grieved,L2,心理,
愉快,yú kuài,cheerful,L2,心理,
憂傷,yōu shāng,distressed,L2,心理,
暴跳如雷,bào tiào rú léi,to stamp with fury,L2,心理,
樂不可支,lè bù kě zhī,overjoyed,L2,心理,
樂在其中,lè zài qí zhōng,to take pleasure in sth,L2,心理,
樂而忘返,lào ér wàng fǎn,used in place names and forget return,L2,心理,
歡喜,huān xǐ,happy,L2,心理,
歡天喜地,huān tiān xǐ dì,delighted,L2,心理,
歡樂,huān lè,gaiety,L2,心理,
歡欣,huān xīn,elated,L2,心理,
氣惱,qì nǎo,to be annoyed,L2,心理,
滿心歡喜,mǎn xīn huān xǐ,one's whole heart happy,L2,心理,
痛快,tòng kuài,delighted,L2,心理,
眉飛色舞,méi fēi sè wǔ,smiles of exultation,L2,心理,
笑逐顏開,xiào zhú yán kāi,smile spread across the face,L2,心理,
舒適,shū shì,cozy,L2,心理,
難過,nán guò,to feel sad,L2,心理,
慚愧,cán kuì,ashamed,L2,心理,
苦惱,kǔ nǎo,vexed,L2,心理,
悶悶不樂,mèn mèn bù lè,depressed,L2,心理,
雀躍,què yuè,excited,L2,心理,
心花怒放,xīn huā nù fàng,to burst with joy,L2,心理,
快活,kuài huo,happy,L2,心理,
悲哀,bēi āi,grieved,L2,心理,
愉悅,yú yuè,joyful,L2,心理,
欣喜,xīn xǐ,happy,L2,心理,
自豪,zì háo,proud,L2,心理,
不幸,bù xìng,misfortune,L2,心理,
不服氣,bù fú qì,unwilling to concede,L2,心理,
享受,xiǎng shòu,to enjoy,L2,心理,
可憐,kě lián,pitiful,L2,心理,
哈哈大笑,hā hā dà xiào,to laugh heartily,L2,心理,
怒氣沖天,nù qì chōng tiān,anger soar,L2,心理,
悅目,yuè mù,pleased eye,L2,心理,
悠閒,yōu xián,leisurely,L2,心理,
愁眉苦臉,chóu méi kǔ liǎn,to look anxious,L2,心理,
樂陶陶,lè táo táo,joyful,L2,心理,
為難,wéi nán,to feel embarrassed or awkward,L2,心理,
賞心,shǎng xīn,admire heart,L2,心理,
安慰,ān wèi,to comfort,L2,動作,
撲,pū,to throw oneself at,L2,動作,
掙扎,zhēng zhá,to struggle,L2,動作,
慢吞吞,màn tūn tūn,very slow,L2,動作,
搖,yáo,to shake,L2,動作,
劈,pī,to hack,L2,動作,
悄悄,qiāo qiāo,quiet,L2,動作,
慢慢,màn màn,slowly,L2,動作,
按,àn,to press,L2,動作,
捉,zhuō,to clutch,L2,動作,
捏,niē,to hold between the thumb and fingers,L2,動作,
掏,tāo,to fish out,L2,動作,
撞,zhuàng,to knock against,L2,動作,
撥,bō,to push aside with the hand,L2,動作,
撿,jiǎn,to pick up,L2,動作,
擠,jǐ,to crowd in,L2,動作,
擺,bǎi,to arrange,L2,動作,
攜帶,xié dài,to carry,L2,動作,
溜走,liū zǒu,to slip away,L2,動作,
牽,qiān,to lead along,L2,動作,
用力,yòng lì,to exert oneself physically,L2,動作,
紀錄,jì lù,record,L2,動作,
綁,bǎng,to tie,L2,動作,
緩緩,huǎn huǎn,slowly,L2,動作,
縫,féng,to sew,L2,動作,
踩,cǎi,to step on,L2,動作,
蹭,cèng,to rub against,L2,動作,
輕輕,qīng qīng,lightly,L2,動作,
遞交,dì jiāo,to present,L2,動作,
遮掩,zhē yǎn,to cover,L2,動作,
阻擋,zǔ dǎng,to stop,L2,動作,
靜靜,jìng jìng,still,L2,動作,
飛快,fēi kuài,very fast,L2,動作,
鼓掌,gǔ zhǎng,to applaud,L2,動作,
討論,tǎo lùn,to discuss,L2,動作,
交談,jiāo tán,to discuss,L2,動作,
低聲,dī shēng,in a low voice,L2,動作,
厲聲,lì shēng,stern voice,L2,動作,
叮嚀,dīng níng,to warn,L2,動作,
吵,chǎo,to quarrel,L2,動作,
呻吟,shēn yín,to moan,L2,動作,
咳嗽,ké sou,to cough,L2,動作,
嚷,rǎng,to shout,L2,動作,
囑咐,zhǔ fu,to urge,L2,動作,
回覆,huí fù,to reply,L2,動作,
奔走相告,bēn zǒu xiāng gào,to spread the news,L2,動作,
審問,shěn wèn,to interrogate,L2,動作,
抽泣,chōu qì,to sob spasmodically,L2,動作,
查詢,chá xún,to check,L2,動作,
滔滔不絕,tāo tāo bù jué,to produce a torrent of words,L2,動作,
聊天,liáo tiān,to chat,L2,動作,
自言自語,zì yán zì yǔ,to talk to oneself,L2,動作,
講述,jiǎng shù,to talk about,L2,動作,
議論紛紛,yì lùn fēn fēn,to discuss spiritedly,L2,動作,
針鋒相對,zhēn fēng xiāng duì,to oppose each other with equal harshness,L2,動作,
高聲,gāo shēng,aloud,L2,動作,
東張西望,dōng zhāng xī wàng,to look in all directions,L2,動作,
注視,zhù shì,to look attentively at,L2,動作,
盯,dīng,to watch attentively,L2,動作,
眺望,tiào wàng,to survey the scene from an elevated position,L2,動作,
睜,zhēng,to open,L2,動作,
瞟,piǎo,to cast a glance,L2,動作,
瞧,qiáo,to look at,L2,動作,
瞪,dèng,to open wide,L2,動作,
報答,bào dá,to repay,L2,動作,
慰問,wèi wèn,to express sympathy,L2,動作,
消滅,xiāo miè,to put an end to,L2,動作,
瀏覽,liú lǎn,to skim over,L2,動作,
觀察,guān chá,to observe,L2,動作,
幫助,bāng zhù,assistance,L2,動作,
整理,zhěng lǐ,to arrange,L2,動作,
摔跤,shuāi jiāo,to trip and fall,L2,動作,
搖擺,yáo bǎi,to sway,L2,動作,
跳躍,tiào yuè,to jump,L2,動作,
抓,zhuā,to grab,L2,動作,
審視,shěn shì,to look closely at,L2,動作,
挖掘,wā jué,to excavate,L2,動作,
丟,diū,to lose,L2,動作,
丟掉,diū diào,to lose,L2,動作,
保衛,bǎo wèi,to defend,L2,動作,
偷偷,tōu tōu,stealthily,L2,動作,
凝望,níng wàng,to gaze at,L2,動作,
分辨,fēn biàn,to distinguish,L2,動作,
刺,cī,whoosh,L2,動作,
印,yìn,to print,L2,動作,
參觀,cān guān,to look around,L2,動作,
反抗,fǎn kàng,to resist,L2,動作,
吻,wěn,kiss,L2,動作,
告別,gào bié,to leave,L2,動作,
哭,kū,to cry,L2,動作,
手腳及,shǒu jiǎo jí,hands and feet,L2,動作,
打氣,dǎ qì,to inflate,L2,動作,
扛,gāng,to raise aloft with both hands,L2,動作,
扭,niǔ,to turn,L2,動作,
抱,bào,to hold,L2,動作,
拉,lā,to pull,L2,動作,
拔出,bá chū,pull up go out,L2,動作,
挨,āi,in order,L2,動作,
捕捉,bǔ zhuō,to catch,L2,動作,
捕食,bǔ shí,to prey on,L2,動作,
探訪,tàn fǎng,to seek by inquiry or search,L2,動作,
搬,bān,to move,L2,動作,
撐,chēng,to support,L2,動作,
擁,yōng,to hold in one's arms,L2,動作,
晃,huǎng,to dazzle,L2,動作,
歌舞,gē wǔ,singing and dancing,L2,動作,
歡呼,huān hū,to cheer for,L2,動作,
流淚,liú lèi,to shed tears,L2,動作,
溝通,gōu tōng,to join,L2,動作,
爭,zhēng,to strive for,L2,動作,
織,zhī,to weave,L2,動作,
罵,mà,to scold,L2,動作,
覓食,mì shí,to forage,L2,動作,
讓開,ràng kāi,to get out of the way,L2,動作,
責怪,zé guài,to blame,L2,動作,
趁,chèn,to avail oneself of,L2,動作,
遊玩,yóu wán,to amuse oneself,L2,動作,
遊覽,yóu lǎn,to go sightseeing,L2,動作,
鋸,jū,a saw (,L2,動作,
靜悄悄,jìng qiāo qiāo,extremely quiet,L2,動作,
養,yǎng,to raise,L2,動作,
灰白,huī bái,ash-colored,L2,外貌,
劉海,liú hǎi,bangs,L2,外貌,
圓圓,yuán yuán,circle,L2,外貌,
如花似玉,rú huā sì yù,delicate as a flower,L2,外貌,
娃娃臉,wá wa liǎn,baby face,L2,外貌,
小平頭,xiǎo píng tóu,small flattop,L2,外貌,
小酒窩,xiǎo jiǔ wō,small dimple,L2,外貌,
尖削,jiān xiāo,pointed peel with a knife,L2,外貌,
披頭散髮,pī tóu sàn fà,with dishevelled hair,L2,外貌,
方正,fāng zhèng,clear and square,L2,外貌,
柔滑,róu huá,soft,L2,外貌,
滿臉皺紋,mǎn liǎn zhòu wén,across one's whole face wrinkle,L2,外貌,
瓜子臉,guā zǐ liǎn,oval face,L2,外貌,
稀疏,xī shū,sparse,L2,外貌,
端莊,duān zhuāng,dignified,L2,外貌,
紅光滿面,gōng guāng mǎn miàn,red light across one's whole face,L2,外貌,
臉腫額青,liǎn zhǒng é qīng,face swell forehead green,L2,外貌,
蘋果臉,píng guǒ liǎn,apple face,L2,外貌,
馬尾辮,mǎ wěi biàn,ponytail,L2,外貌,
鵝蛋臉,é dàn liǎn,goose egg face,L2,外貌,
高大,gāo dà,tall,L2,外貌,
不胖不瘦,bù pán bù shòu,no healthy thin,L2,外貌,
不高不矮,bù gāo bù ǎi,no high short,L2,外貌,
健碩,jiàn shuò,well-built,L2,外貌,
嬌小,jiāo xiǎo,petite,L2,外貌,
強壯,qiáng zhuàng,strong,L2,外貌,
清瘦,qīng shòu,meager,L2,外貌,
瘦削,shòu xuē,slim,L2,外貌,
白嫩,bái nèn,fair,L2,外貌,
白裡透紅,bái lǐ tòu hóng,white lining rosy,L2,外貌,
矮小,ǎi xiǎo,short and small,L2,外貌,
纖瘦,xiān shòu,slender,L2,外貌,
虎背熊腰,hǔ bèi xióng yāo,back of a tiger and waist of a bear,L2,外貌,
長長,cháng cháng,length,L2,外貌,
短短,duǎn duǎn,short,L2,外貌,
濃密,nóng mì,thick,L2,外貌,
秀美,xiù měi,elegant,L2,外貌,
秀麗,xiù lì,pretty,L2,外貌,
瘦,shòu,thin,L2,外貌,
紅彤彤,hóng tōng tōng,bright red,L2,外貌,
蓬鬆,péng sōng,fluffy,L2,外貌,
豐滿,fēng mǎn,ample,L2,外貌,
烏黑,wū hēi,jet-black,L2,外貌,
圓滾滾,yuán gǔn gǔn,plump,L2,外貌,
俊俏,jùn qiào,attractive and intelligent,L2,外貌,
披肩長髮,pī jiān cháng fà,cape long hair,L2,外貌,
滿臉雀斑,mǎn liǎn què bān,across one's whole face freckles,L2,外貌,
滿頭白髮,mǎn tóu bái fà,manchu ethnic group head white or gray hair,L2,外貌,
胖,pán,healthy,L2,外貌,
作家,zuò jiā,author,L2,人物,
傭人,yōng rén,servant,L2,人物,
同學,tóng xué,to study at the same school,L2,人物,
哥哥,gē ge,older brother,L2,人物,
園丁,yuán dīng,gardener,L2,人物,
外公,wài gōng,mother's father,L2,人物,
奶奶,nǎi nai,grandma,L2,人物,
姐姐,jiě jie,older sister,L2,人物,
媽媽,mā ma,mama,L2,人物,
小販,xiǎo fàn,peddler,L2,人物,
工程師,gōng chéng shī,engineer,L2,人物,
廚師,chú shī,cook,L2,人物,
建築工人,jiàn zhù gōng rén,construction worker,L2,人物,
攝影師,shè yǐng shī,photographer,L2,人物,
救護員,jiù hù yuán,rescue person engaged in a certain field of activity,L2,人物,
會計師,kuài jì shī,accountant,L2,人物,
校工,jiào gōng,check work,L2,人物,
校長,xiào zhǎng,president,L2,人物,
歌手,gē shǒu,singer,L2,人物,
消防員,xiāo fáng yuán,firefighter,L2,人物,
清潔工人,qīng jié gōng rén,cleaner person,L2,人物,
演員,yǎn yuán,actor,L2,人物,
爸爸,bà ba,father,L2,人物,
爺爺,yé ye,father's father,L2,人物,
畫家,huà jiā,painter,L2,人物,
老師,lǎo shī,teacher,L2,人物,
菜市小販,cài shì xiǎo fàn,food market peddler,L2,人物,
記者,jì zhě,reporter,L2,人物,
設計師,shè jì shī,designer,L2,人物,
警察,jǐng chá,police,L2,人物,
護士,hù shi,nurse,L2,人物,
農夫,nóng fū,peasant,L2,人物,
郵遞員,yóu dì yuán,mailman,L2,人物,
醫生,yī shēng,doctor,L2,人物,
飛行員,fēi xíng yuán,pilot,L2,人物,
化學用品,huà xué yòng pǐn,chemistry articles for use,L2,環境保護,
廢氣,fèi qì,exhaust gas,L2,環境保護,
排放,pái fàng,to arrange in order,L2,環境保護,
毀壞,huǐ huài,to damage,L2,環境保護,
污染,wū rǎn,to pollute,L2,環境保護,
沙漠化,shā mò huà,desertification,L2,環境保護,
生態環境,shēng tài huán jìng,ecosystem,L2,環境保護,
酸雨,suān yǔ,acid rain,L2,環境保護,
濫用,làn yòng,to misuse,L2,環境保護,
地球,dì qiú,the earth,L2,環境保護,
污水,wū shuǐ,sewage,L2,環境保護,
空氣,kōng qì,air,L2,環境保護,
資源,zī yuán,natural resource,L2,環境保護,
光,guāng,light,L2,環境保護,
冰川,bīng chuān,glacier,L2,環境保護,
天氣,tiān qì,weather,L2,環境保護,
成的環境問題,chéng de huán jìng wèn tí,resulting environmental problem,L2,環境保護,
暖化,nuǎn huà,warming,L2,環境保護,
枯竭,kū jié,used up,L2,環境保護,
極端,jí duān,extreme,L2,環境保護,
樹林,shù lín,woods,L2,環境保護,
水質,shuǐ zhì,water quality,L2,環境保護,
消失,xiāo shī,to disappear,L2,環境保護,
瀕危,bīn wēi,endangered,L2,環境保護,
物種,wù zhǒng,species,L2,環境保護,
砍伐,kǎn fá,to hew,L2,環境保護,
耗損,hào sǔn,to waste,L2,環境保護,
肆意,sì yì,wantonly,L2,環境保護,
臭氧層,chòu yǎng céng,ozone layer,L2,環境保護,
融化,róng huà,to melt,L2,環境保護,
銳減,ruì jiǎn,steep decline,L2,環境保護,
領悟,lǐng wù,to understand,L2,人生哲理,
鼓勵,gǔ lì,to encourage,L2,人生哲理,
充實,chōng shí,rich,L2,人生哲理,
反省,fǎn xǐng,to reflect upon oneself,L2,人生哲理,
受用,shòu yòng,to enjoy,L2,人生哲理,
困境,kùn jìng,predicament,L2,人生哲理,
承認,chéng rèn,to admit,L2,人生哲理,
把握,bǎ wò,to grasp,L2,人生哲理,
益處,yì chu,benefit,L2,人生哲理,
真實,zhēn shí,true,L2,人生哲理,
腦筋,nǎo jīn,brains,L2,人生哲理,
見識,jiàn shi,to gain first-hand knowledge of sth,L2,人生哲理,
覺悟,jué wù,to come to understand,L2,人生哲理,
角度,jiǎo dù,angle,L2,人生哲理,
解決,jiě jué,to solve,L2,人生哲理,
認定,rèn dìng,to maintain,L2,人生哲理,
面對,miàn duì,to face,L2,人生哲理,
感動,gǎn dòng,to move,L2,人生哲理,
敬佩,jìng pèi,to esteem,L2,人生哲理,
分析,fēn xī,to analyze,L2,人生哲理,
判斷,pàn duàn,to judge,L2,人生哲理,
思考,sī kǎo,to reflect on,L2,人生哲理,
深思,shēn sī,to ponder,L2,人生哲理,
證明,zhèng míng,proof,L2,人生哲理,
發人深省,fā rén shēn xǐng,to provide food for thought,L2,人生哲理,
決心,jué xīn,determination,L2,人生哲理,
嶙峋,lín xún,bony,L2,地點景物,
浩瀚,hào hàn,vast,L2,地點景物,
清澈,qīng chè,clear,L2,地點景物,
連綿,lián mián,continuous,L2,地點景物,
迷濛,mí méng,misty,L2,地點景物,
生機勃勃,shēng jī bó bó,full of vitality,L2,地點景物,
茂密,mào mì,dense,L2,地點景物,
壯美,zhuàng měi,magnificent,L2,地點景物,
壯麗,zhuàng lì,magnificence,L2,地點景物,
莊嚴,zhuāng yán,solemn,L2,地點景物,
險要,xiǎn yào,strategically situated and easy to defend,L2,地點景物,
雄偉,xióng wěi,grand,L2,地點景物,
明媚,míng mèi,bright and beautiful,L2,地點景物,
高聳,gāo sǒng,erect,L2,地點景物,
偉大,wěi dà,huge,L2,地點景物,
優美,yōu měi,graceful,L2,地點景物,
典雅,diǎn yǎ,refined,L2,地點景物,
動人,dòng rén,touching,L2,地點景物,
奇趣,qí qù,quaint charm,L2,地點景物,
幽雅,yōu yǎ,serene and elegant,L2,地點景物,
廣闊,guǎng kuò,wide,L2,地點景物,
恬靜,tián jìng,still,L2,地點景物,
清新,qīng xīn,fresh and clean,L2,地點景物,
美好,měi hǎo,beautiful,L2,地點景物,
聞名,wén míng,well-known,L2,地點景物,
遼闊,liáo kuò,vast,L2,地點景物,
青山綠水,qīng shān lǜ shuǐ,lit. green hills and clear waters,L2,地點景物,
鮮麗,xiān lì,fresh korea,L2,地點景物,
燦爛,càn làn,to glitter,L2,地點景物,
迷人,mí rén,fascinating,L2,地點景物,
美不勝收,měi bù shèng shōu,nothing more beautiful can be imagined,L2,地點景物,
欣欣向榮,xīn xīn xiàng róng,flourishing,L2,地點景物,
公園,gōng yuán,park,L2,地點景物,
迂迴,yū huí,roundabout route,L2,地點景物,
轟隆隆,hōng lóng lóng,explosion rumble,L2,四季,
春雷,chūn léi,old thunder,L2,四季,
暴雨,bào yǔ,torrential rain,L2,四季,
結霜,jié shuāng,to frost up,L2,四季,
閃電,shǎn diàn,lightning,L2,四季,
原野,yuán yě,plain,L2,四季,
寒風,hán fēng,cold wind,L2,四季,
小鳥,xiǎo niǎo,small bird,L2,四季,
悶熱,mēn rè,sultry,L2,四季,
新芽,xīn yá,new shoot,L2,四季,
春雨,chūn yǔ,spring rain,L2,四季,
春霧,chūn wù,old fog,L2,四季,
春風,chūn fēng,old wind,L2,四季,
松柏,sōng bǎi,pine and cypress,L2,四季,
枝頭,zhī tóu,branch head,L2,四季,
枯枝,kū zhī,withered branch,L2,四季,
枯葉,kū yè,dead leaf,L2,四季,
梅花,méi huā,plum blossom,L2,四季,
楊柳,yáng liǔ,willow tree,L2,四季,
樹蔭,shù yīn,shade of a tree,L2,四季,
涼爽,liáng shuǎng,cool and refreshing,L2,四季,
炎熱,yán rè,blistering hot,L2,四季,
猛烈,měng liè,fierce,L2,四季,
白雪,bái xuě,snow,L2,四季,
白雲,bái yún,white cloud,L2,四季,
秋蟬,qiū chán,autumn cicada,L2,四季,
秋雨,qiū yǔ,autumn rain,L2,四季,
紅葉,hóng yè,red autumnal leaves,L2,四季,
花蕾,huā lěi,bud,L2,四季,
荷花,hé huā,lotus,L2,四季,
菊花,jú huā,chrysanthemum,L2,四季,
落葉,luò yè,dead leaves,L2,四季,
藍天,lán tiān,blue sky,L2,四季,
酷熱,kù rè,torrid heat,L2,四季,
金蟬,Jīn chán,golden Cicada,L2,四季,
雁兒,yàn ér,wild goose child,L2,四季,
雪花,xuě huā,snowflake,L2,四季,
露珠,lù zhū,dewdrop,L2,四季,
鮮花,xiān huā,flower,L2,四季,
黃葉,huáng yè,yellow leaf,L2,四季,
綠草,lǜ cǎo,green grass,L2,四季,
北風,běi fēng,north wind,L2,四季,
狂風,kuáng fēng,gale,L2,四季,
秋風,qiū fēng,autumn wind,L2,四季,
紅日,hóng rì,sun,L2,四季,
豔陽,yàn yáng,positive,L2,四季,
涼快,liáng kuai,nice and cold,L2,四季,
濕潤,shī rùn,moist,L2,四季,
茂盛,mào shèng,lush,L2,四季,
瘦小,shòu xiǎo,slightly-built,L2,物品,
粗大,cū dà,thick,L2,物品,
普通,pǔ tōng,common,L2,物品,
新型,xīn xíng,new type,L2,物品,
深刻,shēn kè,profound,L2,物品,
耀眼,yào yǎn,to dazzle,L2,物品,
厚,hòu,thick,L2,物品,
吸引,xī yǐn,to attract,L2,物品,
堅硬,jiān yìng,hard,L2,物品,
大小不同,dà xiǎo bù tóng,large and small different,L2,物品,
寬,kuān,wide,L2,物品,
巨大,jù dà,huge,L2,物品,
龐大,páng dà,huge,L2,物品,
彎,wān,to bend,L2,物品,
惹笑,rě xiào,provoke old,L2,物品,
清脆,qīng cuì,sharp and clear,L2,物品,
直,zhí,straight,L2,物品,
省錢,shěng qián,to save money,L2,物品,
精簡,jīng jiǎn,to simplify,L2,物品,
精緻,jīng zhì,delicate,L2,物品,
罕見,hǎn jiàn,rare,L2,物品,
美觀,měi guān,pleasing to the eye,L2,物品,
薄,báo,thin,L2,物品,
詳盡,xiáng jìn,thorough and detailed,L2,物品,
逼真,bī zhēn,lifelike,L2,物品,
飽滿,bǎo mǎn,full,L2,物品,
輕巧,qīng qiǎo,dexterous,L2,物品,
準確,zhǔn què,accurate,L2,物品,
特殊,tè shū,special,L2,物品,
精密,jīng mì,accuracy,L2,物品,
珍貴,zhēn guì,precious,L2,物品,
簡單,jiǎn dān,simple,L2,物品,
扁平,biǎn píng,flat,L2,物品,
古老,gǔ lǎo,ancient,L2,物品,
削,xiāo,to peel with a knife,L2,物品,
垂,chuí,to hang,L2,物品,
懷舊,huái jiù,to feel nostalgic,L2,物品,
相同,xiāng tóng,identical,L2,物品,
重量,zhòng liàng,weight,L2,物品,
嫩綠,nèn lǜ,tender green,L2,動物,
鮮紅,xiān hóng,scarlet,L2,動物,
透明,tòu míng,transparent,L2,動物,
黑漆漆,hēi qī qī,black paint,L2,動物,
火紅,huǒ hóng,fiery,L2,動物,
翠綠,cuì lǜ,greenish-blue,L2,動物,
金黃,jīn huáng,golden yellow,L2,動物,
黃澄澄,huáng dēng dēng,glistening yellow,L2,動物,
吱吱,zhī zhī,creaking or groaning,L2,動物,
呱呱,gū gū,the crying of a baby,L2,動物,
咕嚕,gū lu,to rumble,L2,動物,
咩咩,miē miē,the bleating of sheep,L2,動物,
咪咪,mī mī,oboe-like musical instrument used in folk music of Gansu,L2,動物,
嗡嗡,wēng wēng,buzz,L2,動物,
嚇人,xià rén,to scare,L2,動物,
尖利,jiān lì,sharp,L2,動物,
撲通,pū tōng,sound of object falling into water,L2,動物,
汪汪,wāng wāng,gleaming with tears,L2,動物,
灰蒙蒙,huī mēng mēng,dusky,L2,動物,
紅褐色,gōng hè sè,red brown,L2,動物,
聲音,shēng yīn,voice,L2,動物,
鮮明,xiān míng,bright,L2,動物,
鳴叫,míng jiào,to emit a sound,L2,動物,
苗條,miáo tiao,slim,L2,動物,
粗壯,cū zhuàng,thick and solid,L2,動物,
細小,xì xiǎo,tiny,L2,動物,
五顏六色,wǔ yán liù sè,multicolored,L2,動物,
咚,dōng,boom,L2,動物,
多姿多彩,duō zī duō cǎi,diversity,L2,動物,
斑紋,bān wén,stripe,L2,動物,
棕黑色,zōng hēi sè,palm black,L2,動物,
漲,zhǎng,to rise,L2,動物,
砰,pēng,bang,L2,動物,
細巧,xì qiǎo,thin or slender opportunely,L2,動物,
好動,hào dòng,active,L1,性格,
頑皮,wán pí,naughty,L1,性格,
善解人意,shàn jiě rén yì,to be good at understanding others,L1,性格,
膽小,dǎn xiǎo,cowardice,L1,性格,
開朗,kāi lǎng,spacious and well-lit,L1,性格,
樂於助人,lè yú zhù rén,willing to help others,L1,性格,
貪心,tān xīn,greedy,L1,性格,
溫柔,wēn róu,gentle and soft,L1,性格,
活潑,huó po,lively,L1,性格,
專注,zhuān zhù,to focus,L1,性格,
堅強,jiān qiáng,staunch,L1,性格,
聰明,cōng ming,intelligent,L1,性格,
任性,rèn xìng,willful,L1,性格,
勤奮,qín fèn,hardworking,L1,性格,
懶惰,lǎn duò,idle,L1,性格,
衝動,chōng dòng,to have an urge,L1,性格,
體貼,tǐ tiē,considerate,L1,性格,
熱情,rè qíng,cordial,L1,性格,
不拘小節,bù jū xiǎo jié,to not bother about trifles,L1,性格,
乖,guāi,obedient,L1,性格,
仔細,zǐ xì,careful,L1,性格,
冷漠,lěng mò,cold and detached towards sb,L1,性格,
勤學,qín xué,diligent learn,L1,性格,
固執,gù zhí,obstinate,L1,性格,
好吃懶做,hào chī lǎn zuò,happy to partake but not prepared to do any work,L1,性格,
好心,hǎo xīn,kindness,L1,性格,
小心謹慎,xiǎo xīn jǐn shèn,cautious and timid,L1,性格,
悲觀,bēi guān,pessimistic,L1,性格,
成熟,chéng shú,mature,L1,性格,
樂觀,lè guān,optimistic,L1,性格,
機警,jī jǐng,perceptive,L1,性格,
煩躁,fán zào,jittery,L1,性格,
脾氣暴躁,pí qi bào zào,character irascible,L1,性格,
驕傲,jiāo ào,pride,L1,性格,
旅行,lǚ xíng,to travel,L1,活動事件,
登高,dēng gāo,scale high,L1,活動事件,
上茶樓,shǎng chá lóu,up teahouse,L1,活動事件,
上館子,shàng guǎn zi,to eat out,L1,活動事件,
乘船,chéng chuán,to embark,L1,活動事件,
乘車,chéng chē,to ride,L1,活動事件,
乘飛機,chéng fēi jī,take airplane,L1,活動事件,
付款,fù kuǎn,to pay a sum of money,L1,活動事件,
做早操,zuò zǎo cāo,make morning exercises,L1,活動事件,
找贖,zhǎo shú,to give change,L1,活動事件,
放風箏,fàng fēng zheng,put kite,L1,活動事件,
旅遊,lǚ yóu,trip,L1,活動事件,
爬山,pá shān,to climb a mountain,L1,活動事件,
玩耍,wán shuǎ,to play,L1,活動事件,
看展覽,kàn zhǎn lǎn,watch put on display,L1,活動事件,
看表演,kàn biǎo yǎn,watch play,L1,活動事件,
看電影,kàn diàn yǐng,watch movie,L1,活動事件,
結賬,jié zhàng,to pay the bill,L1,活動事件,
買菜,mǎi cài,buy vegetable,L1,活動事件,
購物,gòu wù,shopping,L1,活動事件,
逛街,guàng jiē,to take a walk,L1,活動事件,
遠足,yuǎn zú,excursion,L1,活動事件,
野餐,yě cān,picnic,L1,活動事件,
騎自行車,jì zì xíng chē,ride bicycle,L1,活動事件,
騎馬,qí mǎ,to ride a horse,L1,活動事件,
點菜,diǎn cài,to order dishes,L1,活動事件,
森林,sēn lín,forest,L1,地點景物,
沙灘,shā tān,beach,L1,地點景物,
健身徑,jiàn shēn jìng,exercise footpath,L1,地點景物,
健身房,jiàn shēn fáng,gym,L1,地點景物,
商業大廈,shāng yè dà shà,business,L1,地點景物,
家樂徑,jiā lào jìng,home used in place names footpath,L1,地點景物,
工廠,gōng chǎng,factory,L1,地點景物,
消防局,xiāo fáng jú,fire department,L1,地點景物,
球場,qiú chǎng,stadium,L1,地點景物,
自然教育徑,zì rán jiào yù jìng,nature educate footpath,L1,地點景物,
觀景台,guān jǐng tái,lookout,L1,地點景物,
診所,zhěn suǒ,clinic,L1,地點景物,
警署,jǐng shǔ,police station,L1,地點景物,
購物中心,gòu wù zhōng xīn,shopping center,L1,地點景物,
遊客中心,yóu kè zhōng xīn,traveler center,L1,地點景物,
遊樂場,yóu lè chǎng,playground,L1,地點景物,
郊野,jiāo yě,open area outside the city,L1,地點景物,
郵局,yóu jú,post office,L1,地點景物,
酒店,jiǔ diàn,wine shop,L1,地點景物,
醫院,yī yuàn,hospital,L1,地點景物,
電影院,diàn yǐng yuàn,cinema,L1,地點景物,
餐廳,cān tīng,dining hall,L1,地點景物,
司機,sī jī,chauffeur,L1,人物,
售貨員,shòu huò yuán,salesperson,L1,人物,
朋友,péng you,friend,L1,人物,
服務員,fú wù yuán,waiter,L1,人物,
乘客,chéng kè,passenger,L1,人物,
伯母,bó mǔ,wife of father's elder brother,L1,人物,
伯父,bó fù,father's elder brother,L1,人物,
叔叔,shū shu,father's younger brother,L1,人物,
外甥,wài shēng,sister's son,L1,人物,
外甥女,wài sheng nǚ,sister's daughter,L1,人物,
姑丈,gū zhàng,husband of paternal aunt,L1,人物,
姑姑,gū gu,paternal aunt,L1,人物,
姑母,gū mǔ,father's sister,L1,人物,
姨丈,yí zhàng,mother's sister's husband,L1,人物,
姨母,yí mǔ,mother's sister,L1,人物,
姪女,zhí nǚ,brother's daughter,L1,人物,
姪子,zhí zi,brother's son,L1,人物,
嬸嬸,shěn shen,wife of father's younger brother,L1,人物,
客人,kè rén,visitor,L1,人物,
新娘,xīn niáng,bride,L1,人物,
新郎,xīn láng,bridegroom,L1,人物,
旅客,lǚ kè,traveler,L1,人物,
老闆,lǎo bǎn,robam,L1,人物,
舅媽,jiù mā,aunt,L1,人物,
舅舅,jiù jiu,mother's brother,L1,人物,
途人,tú rén,passer-by,L1,人物,
遊客,yóu kè,traveler,L1,人物,
阿姨,ā yí,maternal aunt,L1,人物,
顧客,gù kè,customer,L1,人物,
上午,shàng wǔ,morning,L1,時間,
下午,xià wǔ,afternoon,L1,時間,
中午,zhōng wǔ,noon,L1,時間,
傍晚,bàng wǎn,in the evening,L1,時間,
凌晨,líng chén,very early in the morning,L1,時間,
午夜,wǔ yè,midnight,L1,時間,
日出,rì chū,sunrise,L1,時間,
日落,rì luò,sundown,L1,時間,
早上,zǎo shang,early morning,L1,時間,
正午,zhèng wǔ,midday,L1,時間,
深夜,shēn yè,very late at night,L1,時間,
清晨,qīng chén,early morning,L1,時間,
白天,bái tiān,daytime,L1,時間,
黃昏,huáng hūn,dusk,L1,時間,
划槳,huá jiǎng,to paddle,L1,節日,
吃重陽糕,chī Chóng yáng gāo,eat double Ninth or Yang Festival cake,L1,節日,
喝菊花酒,hē jú huā jiǔ,drink chrysanthemum drinking party with female entertainers,L1,節日,
屈原,Qū Yuán,Qu Yuan,L1,節日,
拜祭祖先,bài jì zǔ xiān,pay respects ancestors,L1,節日,
擊鼓,jī gǔ,hit old,L1,節日,
汨羅江,Mì luó jiāng,miluo river in Jiangxi and Hunan provinces,L1,節日,
登高節,dēng gāo jiē,scale high joint,L1,節日,
端陽節,duān yáng jié,Dragon Boat Festival,L1,節日,
粽子,zòng zi,glutinous rice and choice of filling wrapped in leaves and steamed or boiled,L1,節日,
船槳,chuán jiǎng,oar,L1,節日,
菊花節,jú huā jiē,chrysanthemum joint,L1,節日,
賞菊花,shǎng jú huā,admire chrysanthemum,L1,節日,
重九節,chóng jiǔ jiē,the Double Ninth Festival joint,L1,節日,
重五節,chóng wǔ jiē,dragon Boat Festival joint,L1,節日,
雄黃酒,xióng huáng jiǔ,realgar wine,L1,節日,
龍舟,lóng zhōu,dragon boat,L1,節日,
龍舟比賽,lóng zhōu bǐ sài,dragon boat competition,L1,節日,
一團和氣,yī tuán hé qì,to keep on the right side of everyone,L1,節日,
一本萬利,yī běn wàn lì,small capital,L1,節日,
五福臨門,wǔ fú lín mén,lit. five blessings descend upon this home,L1,節日,
四季桔,sì jì jié,platycodon grandiflorus,L1,節日,
壓歲錢,yā suì qián,money given to children as a gift on Chinese New Year's Eve,L1,節日,
大吉大利,dà jí dà lì,great luck,L1,節日,
如意吉祥,rú yì jí xiáng,as one wants lucky,L1,節日,
學業進步,xué yè jìn bù,studies progress,L1,節日,
年糕,nián gāo,nian gao,L1,節日,
心想事成,xīn xiǎng shì chéng,to have one's wishes come true,L1,節日,
恭喜發財,gōng xǐ fā cái,may you have a prosperous New Year!,L1,節日,
新年快樂,xīn nián kuài lè,happy New Year!,L1,節日,
新春大吉,xīn chūn dà jí,the beginning of Spring very auspicious,L1,節日,
春聯,chūn lián,spring Festival couplet,L1,節日,
桃花,táo huā,peach blossom,L1,節日,
步步高升,bù bù gāo shēng,to climb step by step,L1,節日,
水仙,shuǐ xiān,narcissus,L1,節日,
湯圓,tāng yuán,boiled or deep-fried balls of glutinous rice flour,L1,節日,
煎堆,jiān duī,pan fry pile up,L1,節日,
瓜子,guā zǐ,melon seed,L1,節日,
生意興隆,shēng yì xīng lóng,thriving and prosperous business or trade,L1,節日,
祝賀語,zhù hè yǔ,congratulate dialect,L1,節日,
萬事如意,wàn shì rú yì,to have all one's wishes,L1,節日,
笑口常開,xiào kǒu cháng kāi,old mouth always open,L1,節日,
紅包,hóng bāo,money wrapped in red as a gift,L1,節日,
老少平安,lǎo shào píng ān,the old and the young safe and sound,L1,節日,
花車,huā chē,car festooned for celebration,L1,節日,
蘿蔔糕,luó bo gāo,radish cake,L1,節日,
財源廣進,cái yuán guǎng jìn,financial resources wide go forward,L1,節日,
身體健康,shēn tǐ jiàn kāng,the body health,L1,節日,
風車,fēng chē,pinwheel,L1,節日,
龍馬精神,lóng mǎ jīng shén,old but still full of vitality,L1,節日,
互相祝福,hù xiāng zhù fú,each other blessings,L1,節日,
到外地旅遊,dào wài dì lǚ yóu,reach parts of the country other than where one is trip,L1,節日,
吃年夜飯,chī nián yè fàn,eat new Year's Eve family dinner,L1,節日,
吃年糕,chī nián gāo,eat nian gao,L1,節日,
回鄉探親,huí xiāng tàn qīn,circle country or countryside go home visit one's family,L1,節日,
大掃除,dà sǎo chú,big clean,L1,節日,
拜年,bài nián,to pay a New Year call,L1,節日,
放爆竹,fàng bào zhú,to set off firecrackers,L1,節日,
看煙火,kàn yān huǒ,watch smoke and fire,L1,節日,
看舞獅,kàn wǔ shī,watch lion dance,L1,節日,
看花車匯演,kàn huā chē huì yǎn,look after car festooned for celebration joint performance,L1,節日,
穿新衣,chuān xīn yī,wear new clothes,L1,節日,
討紅包,tǎo hóng bāo,invite money wrapped in red as a gift,L1,節日,
買年花,mǎi nián huā,buy year flower,L1,節日,
貼春聯,tiē chūn lián,put up spring Festival couplet,L1,節日,
逛年宵市場,guàng nián xiāo shì chǎng,stroll year night marketplace,L1,節日,
平坦,píng tǎn,level,L1,物品,
時尚,shí shàng,fashion,L1,物品,
變化多端,biàn huà duō duān,changeable,L1,物品,
漆黑,qī hēi,pitch-black,L1,物品,
閃閃發光,shǎn shǎn fā guāng,flickering emit light,L1,物品,
光滑,guāng huá,glossy,L1,物品,
耐用,nài yòng,durable,L1,物品,
大,dà,big,L1,物品,
彎彎,Wān wān,wan Wan,L1,物品,
先進,xiān jìn,sophisticated,L1,物品,
沉甸甸,chén diàn diàn,heavy,L1,物品,
閃,shǎn,to dodge,L1,物品,
柔軟,róu ruǎn,soft,L1,物品,
胖乎乎,pàng hū hū,chubby,L1,物品,
尖,jiān,pointed,L1,物品,
有趣,yǒu qù,interesting,L1,物品,
益智,yì zhì,to grow the intellect,L1,物品,
神奇,shén qí,magical,L1,物品,
窄,zhǎi,narrow,L1,物品,
金閃閃,jīn shǎn shǎn,jurchen Jin dynasty flickering,L1,物品,
明亮,míng liàng,bright,L1,物品,
自動,zì dòng,automatic,L1,物品,
五彩繽紛,wǔ cǎi bīn fēn,all the colors in profusion,L1,物品,
亮晶晶,liàng jīng jīng,gleaming,L1,物品,
鮮豔,xiān yàn,fresh,L1,物品,
毛茸茸,máo róng róng,hairy,L1,物品,
乾乾淨淨,qián gān jìng jìng,old clean,L1,物品,
光亮亮,guāng liàng liàng,bright,L1,物品,
圓,yuán,circle,L1,物品,
圓乎乎,yuán hū hū,circle in,L1,物品,
多用途,duō yòng tú,multipurpose,L1,物品,
小,xiǎo,small,L1,物品,
幼,yòu,young,L1,物品,
彎彎曲曲,wān wān qū qū,curved,L1,物品,
新奇,xīn qí,novel,L1,物品,
短,duǎn,short,L1,物品,
粗,cū,wide,L1,物品,
色彩,sè cǎi,tint,L1,物品,
豐富,fēng fù,to enrich,L1,物品,
輕便,qīng biàn,lightweight and portable,L1,物品,
長,cháng,length,L1,物品,
電動,diàn dòng,electric-powered,L1,物品,
作業本,zuò yè běn,school assignment root,L1,物品,
剪刀,jiǎn dāo,scissors,L1,物品,
口袋,kǒu dài,pocket,L1,物品,
圓珠筆,yuán zhū bǐ,ballpoint pen,L1,物品,
外套,wài tào,coat,L1,物品,
字典,zì diǎn,chinese character dictionary,L1,物品,
尺子,chǐ zi,ruler,L1,物品,
帽子,mào zi,hat,L1,物品,
手冊,shǒu cè,manual,L1,物品,
手套,shǒu tào,glove,L1,物品,
文具盒,wén jù hé,stationery small box,L1,物品,
書包,shū bāo,schoolbag,L1,物品,
橡皮,xiàng pí,rubber,L1,物品,
毛衣,máo yī,sweater,L1,物品,
球鞋,qiú xié,athletic shoes,L1,物品,
畫筆,huà bǐ,painting brush,L1,物品,
皮鞋,pí xié,leather shoes,L1,物品,
筆記本,bǐ jì běn,notebook,L1,物品,
紙,zhǐ,paper (,L1,物品,
裙子,qún zi,skirt,L1,物品,
褲子,kù zi,trousers,L1,物品,
襪子,wà zi,socks,L1,物品,
課本,kè běn,textbook,L1,物品,
連衣裙,lián yī qún,woman's dress,L1,物品,
運動鞋,yùn dòng xié,sports shoes,L1,物品,
雨衣,yǔ yī,raincoat,L1,物品,
顏色筆,yán sè bǐ,color pen,L1,物品,
機器人,jī qì rén,robot,L1,物品,
七巧板,qī qiǎo bǎn,tangram,L1,物品,
布娃娃,bù wá wa,rag doll,L1,物品,
拼圖,pīn tú,jigsaw puzzle,L1,物品,
搖控車,yáo kòng chē,shake control car,L1,物品,
棋盤遊戲,qí pán yóu xì,chessboard game,L1,物品,
模型飛機,mó xíng fēi jī,model airplane,L1,物品,
氣球,qì qiú,balloon,L1,物品,
泰迪熊,tài dí xióng,teddy bear,L1,物品,
洋娃娃,yáng wá wa,doll,L1,物品,
玩具槍,wán jù qiāng,toy gun,L1,物品,
玩具熊,wán jù xióng,plaything bear,L1,物品,
皮球,pí qiú,ball,L1,物品,
積木,jī mù,toy building blocks,L1,物品,
紙牌遊戲,zhǐ pái yóu xì,playing card game,L1,物品,
繩子,shéng zi,cord,L1,物品,
跳棋,tiào qí,chinese checkers,L1,物品,
遊戲卡,yóu xì kǎ,game stop,L1,物品,
遊戲機,yóu xì jī,video game machine,L1,物品,
音樂盒,yīn yuè hé,music small box,L1,物品,
風箏,fēng zheng,kite,L1,物品,
可口,kě kǒu,tasty,L1,食物,
油乎乎,yóu hū hū,greasy,L1,食物,
淡而無味,dàn ér wú wèi,insipid and flavorless,L1,食物,
濃郁,nóng yù,rich,L1,食物,
爽口,shuǎng kǒu,fresh and tasty,L1,食物,
爽滑,shuǎng huá,bright slip,L1,食物,
甜,tián,sweet,L1,食物,
美味,měi wèi,delicious,L1,食物,
苦,kǔ,bitter,L1,食物,
辣,là,old,L1,食物,
酸,suān,sour,L1,食物,
酸溜溜,suān liū liū,sour,L1,食物,
香脆,xiāng cuì,fragrant old,L1,食物,
鹹,xián,salted,L1,食物,
麻辣,má là,hot and numbing,L1,食物,
黏黏,nián nián,sticky,L1,食物,
滑溜溜,huá liū liū,smooth,L1,食物,
軟綿綿,ruǎn mián mián,soft,L1,食物,
硬,yìng,hard,L1,食物,
軟,ruǎn,soft,L1,食物,
新鮮,xīn xiān,fresh,L1,食物,
香,xiāng,fragrant,L1,食物,
香甜,xiāng tián,fragrant and sweet,L1,食物,
荔枝,lì zhī,litchi or lychee fruit,L1,食物,
糖果,táng guǒ,candy,L1,食物,
南瓜,nán guā,pumpkin,L1,食物,
哈密瓜,hā mì guā,hami melon,L1,食物,
土豆,tǔ dòu,potato (,L1,食物,
大白菜,dà bái cài,bok choy,L1,食物,
巧克力,qiǎo kè lì,chocolate,L1,食物,
柚子,yòu zi,pomelo,L1,食物,
梨子,lí zi,pear,L1,食物,
椰菜花,yē cài huā,cauliflower,L1,食物,
楊桃,yáng táo,carambola,L1,食物,
橙子,chéng zi,orange,L1,食物,
櫻桃,yīng táo,cherry,L1,食物,
汽水,qì shuǐ,soda pop,L1,食物,
生菜,shēng cài,lettuce,L1,食物,
番茄,fān qié,tomato,L1,食物,
茄子,qié zi,eggplant,L1,食物,
草莓,cǎo méi,strawberry,L1,食物,
菠菜,bō cài,spinach (,L1,食物,
葡萄,pú tao,grape,L1,食物,
蕃薯,bō shǔ,foreign potato,L1,食物,
蘿蔔,luó bo,radish,L1,食物,
蛋糕,dàn gāo,cake,L1,食物,
蜜瓜,mì guā,honey melon,L1,食物,
西瓜,xī guā,watermelon,L1,食物,
西紅柿,xī hóng shì,tomato,L1,食物,
西蘭花,xī lán huā,broccoli,L1,食物,
雞腿,jī tuǐ,chicken leg,L1,食物,
餅乾,bǐng gān,biscuit,L1,食物,
馬鈴薯,mǎ líng shǔ,potato,L1,食物,
鳳梨,fèng lí,pineapple,L1,食物,
黃瓜,huáng guā,cucumber,L1,食物,
龍眼,lóng yǎn,longan fruit,L1,食物,
期待,qī dài,to look forward to,L1,心理,
盼望,pàn wàng,to hope for,L1,心理,
讚賞,zàn shǎng,to admire,L1,心理,
恭敬,gōng jìng,deferential,L1,心理,
激動,jī dòng,to move emotionally,L1,心理,
焦急,jiāo jí,anxiety,L1,心理,
驚奇,jīng qí,to be amazed,L1,心理,
慌張,huāng zhāng,flustered,L1,心理,
不慌不忙,bù huāng bù máng,calm and unhurried,L1,心理,
慌忙,huāng máng,in a great rush,L1,心理,
歡歡喜喜,huān huān xǐ xǐ,happily,L1,心理,
憤怒,fèn nù,angry,L1,心理,
快樂,kuài lè,happy,L1,心理,
開心,kāi xīn,to feel happy,L1,心理,
高興,gāo xìng,happy,L1,心理,
失望,shī wàng,disappointed,L1,心理,
驚慌,jīng huāng,to panic,L1,心理,
舒暢,shū chàng,happy,L1,心理,
神氣,shén qì,expression,L1,心理,
生氣,shēng qì,to get angry,L1,心理,
輕鬆,qīng sōng,light,L1,心理,
不安,bù ān,unpeaceful,L1,心理,
傲慢無禮,ào màn - wú lǐ,arrogant,L1,心理,
吞吞吐吐,tūn tūn tǔ tǔ,to hum and haw,L1,心理,
寫意,xiě yì,to suggest,L1,心理,
平和,píng hé,gentle,L1,心理,
心滿意足,xīn mǎn yì zú,perfectly contented,L1,心理,
滿意,mǎn yì,satisfied,L1,心理,
滿面笑容,mǎn miàn xiào róng,across one's whole face smile,L1,心理,
神神秘秘,shén shén mì mì,god mysterious secret,L1,心理,
鄭重,zhèng zhòng,serious,L1,心理,
難受,nán shòu,to feel unwell,L1,心理,
難為情,nán wéi qíng,embarrassed,L1,心理,
